id_EXIST,lang,text,gold_label,predicted_label,gold_label_name,predicted_label_name,NO_probability,YES_probability,confidence,correct
300001,es,"@Fichinescu La comunidad gamer es un antro de misóginos y supremacistas blancos hace años pero hoy día pocos se acuerdan de gamergate y todo lo que causó, y en cierto sentido sigue causando.",0,0,NO,NO,0.672301749724254,0.327698250275746,0.672301749724254,1
300002,es,"@anacaotica88 @MordorLivin No me acuerdo de los detalles de GamerGate, pero ella estuvo en el ojo del huracán recibiendo acoso de hombres indignados (y sus medios frikis) y creo que también acosaron a Brianna Wu, q es transfemenino. Seguramente tuvo eso que ver y quiso ""cerrar filas"".",1,0,YES,NO,0.5121413316684564,0.48785866833154357,0.5121413316684564,0
300003,es,@cosmicJunkBot lo digo cada pocos dias y lo repito: TODO esto se pudo evitar si se hubiera parado el gamergate a tiempo,0,0,NO,NO,0.7953886389732361,0.20461136102676392,0.7953886389732361,1
300004,es,"Also mientras les decia eso la señalaba y decia que como el era del staff, la iban a ban de ese evento. Intel behavior much? Este cabron has sexually harassed women and girls en el community y cuando es confrontado, lo negative y mienta. Ahora salio con esta, HE should be banned.",1,1,YES,YES,0.28631840429792377,0.7136815957020762,0.7136815957020762,1
300005,es,"And all people killed,  attacked, harassed by CAM, Mapuche Resistance? Siches is a real,piece of work.  Ministra del Interior y muerte de trabajador mapuche: ""No habíamos visto un atentado directo hacia civiles"" https://t.co/xuRGKbW0yi via @emol",0,0,NO,NO,0.9251982569694519,0.0748017430305481,0.9251982569694519,1
300006,es,"On this #WorldPressFreedomDay I’m thinking of journalists &amp; media workers in Mexico killed, imprisoned or harassed for their work / Pensando en todxs lxs periodistxs assasinadxs, incarceradxs o hostigadxs por su oficio#JournalismIsNotACrime#DiaMundialDeLaLibertadDePrensa https://t.co/ZrjLJ4GLLx",0,0,NO,NO,0.921515212632489,0.07848478736751098,0.921515212632489,1
300007,es,"@DavidGR18 @pppbernat @abc_es @agarzon @IreneMontero La izquierda tiene culpa en sus silencios cuando les interesa...De valorar mujeres violadas de 1ª y de 2ª, dependiendo de nacionalidad de #LaManada...y como en el asunto inmigración su discurso es el único de riqueza cultural, pues callan como putas. https://t.co/tf9HEgBLqN",1,1,YES,YES,0.2428287154857623,0.7571712845142378,0.7571712845142378,1
300008,es,@DavidArranzVox @AnabelAlonso_of Uyyy a q huele? Apesta a xenofobia. Quién no da una es la derecha y los #ppatriotas como tú negando una realidad como la #violenciamachista y la blanquean con otro nombre.Precisamente #lamanada de San Fermín eran de los cuerpos de seguridad del Estado.¿Qué me estás contando?,1,0,YES,NO,0.5945975184440613,0.4054024815559387,0.5945975184440613,0
300009,es,Con 25 Leones🦁 y 500 más en las gradas🗣!!#EkoFuego🔥#LaManada https://t.co/jkhENb0jae,0,0,NO,NO,0.8734861948047222,0.12651380519527777,0.8734861948047222,1
300010,es,@kokreto84 @Play87834898 @venusoncrack Me gustaría saber que futbolista condenados por abuso siguen en nómina. Y la verdad el caso de Amber no se puede comparar con nada porque es una mujer que utilizó el metoo para destruir la carrera de su ex un actor muy querido.,1,1,YES,YES,0.27987239598847613,0.7201276040115239,0.7201276040115239,1
300011,es,"@Kormavov No le has dicho nada de usar el MeToo, defendiendo a Amber Heard en el juicio contra Johnny Depp. Si con eso siguen votando a Vox, es que el fascismo es incontenible.",0,0,NO,NO,0.686175128405545,0.313824871594455,0.686175128405545,1
300012,es,"@Puyas10 Realmente no se trata solo de JD, se trata de mostrar que la violencia no tiene género, como lo han planteado con el famoso #Metoo, no es puro pedo como leí, es mostrar que también los hombres han soportado por años el abuso doméstico.",0,1,NO,YES,0.4053490161895752,0.5946509838104248,0.5946509838104248,0
300013,es,@MedinaJoselyn El hombre perfecto para estas mujeres será un lindo gato a quien cuidar cuando pasen los 40-50 años. Las mas exigentes que vayan preparando su pasaporte a gatolandia. Mgtow siempre gana.,1,1,YES,YES,0.27883847229710057,0.7211615277028994,0.7211615277028994,1
300014,es,"@SophieYunes ""El muro""Así le llaman los MGTOW. No sé puede ser deseable para siempre.",0,0,NO,NO,0.8136606458920433,0.1863393541079567,0.8136606458920433,1
300015,es,"@Bruno_MGTOW @AldeanaPy no sabia que el procedimiento era difundir por twitter, no habia necesidad 0 etica profesional del policia no se justifica ninguno de los 2 casos",0,0,NO,NO,0.8206550234360986,0.17934497656390141,0.8206550234360986,1
300016,es,"Aparte q no tiene nada q ver con lo q está diciendo la muchacha esta. Ella está hablando de una microagresion q sufrimos las mujeres, q a 40 grados tenemos q ir tapaditas porq si no distraemos a los compañeros. Vaya a ser q los señores dejéis d vernos como cachos d carne",1,1,YES,YES,0.21085689100196633,0.7891431089980336,0.7891431089980336,1
300017,es,"—Insistir en que los genitales determinan el género.Puede ser microagresión por falta de educación, puede ser transfobia pura y dura.—Relacionar determinados diagnósticos con el colectivo LGTBIQA+.Me ahorro el comentario.",0,0,NO,NO,0.6325629730560167,0.3674370269439833,0.6325629730560167,1
300018,es,@Ds_OutOfContext Micromachismo me recuerda a cuando en South park el directo PC gritaba MICROAGRESION!,1,1,YES,YES,0.495769292368335,0.504230707631665,0.504230707631665,1
300019,es,¿Cederle el paso a una Sra./Srta. en la cola del autobús como el asiento en un restaurante es:🔄 ¿Micromachismo?♥️ ¿O es una actitud       caballeresca y       respetuosa?,1,1,YES,YES,0.3686344027519226,0.6313655972480774,0.6313655972480774,1
300020,es,"De los asuntos más complicados de mi trabajo es el mansplaining. Algunos políticos -de todas las edades- no soportan la crítica de una mujer joven. Desestiman, desautorizan e intentan controlar con micromachismo.Tomo prestada publicación de cuenta IG: @nosotras.womenconnecting. https://t.co/SFxPOCbH9l",1,1,YES,YES,0.30020064411753616,0.6997993558824638,0.6997993558824638,1
300021,es,"@pilareyre Os ""Escandaliza"" el culo de Chanel pero no os llama la atención los chicos con el pecho desnudo o los pantalones marcapaquete... Ahí tenemos un micromachismo de manual. Gente como Beyoncé, Jlo, o Ana Torroja lo han llevado en muchos Shows no ha habido problema Evolucionen!",1,0,YES,NO,0.5698083299512666,0.4301916700487334,0.5698083299512666,0
300022,es,"@DiianaLadron No, no voy a cruzar la calle #notAllMen y yo también prefiero no andar solo en la calle muy tarde, de hecho a ninguna hora en barrios como Aguantafilo o Puñalada",0,0,NO,NO,0.739215894890779,0.26078410510922106,0.739215894890779,1
300023,es,"Así que hacedme el favor de ahorraros el puto #NotAllMen porque #YesAllWomen, mamarrachos. https://t.co/c0ojjFirZl",1,1,YES,YES,0.411338746547699,0.588661253452301,0.588661253452301,1
300024,es,@cris7ian Yo no te he preguntado jaja #notallmen Se veía venir.,0,0,NO,NO,0.6256928257437698,0.37430717425623017,0.6256928257437698,1
300025,es,"@moonlesb_ 22 años, posiblemente una bufanda roja, QUIEN TE LASTIMÓ MAR???? DECINOS QUE LO AGARRAMOS, FUCK THE PATRIARCHY ah",1,1,YES,YES,0.46200329065322876,0.5379967093467712,0.5379967093467712,1
300026,es,"@EugeDF_ tal cual, rompemos el obelisco, quemamos muñecos con la cara de Jake Gyllenhaal al grito de you were tossing me the car keys fuck the patriarchy key chain on the ground y agarrate cuando arranque con dear John te traigo la cabeza de ese en una pica",0,0,NO,NO,0.6293359023728429,0.37066409762715713,0.6293359023728429,1
300027,es,Agarré un desodorante sin querer que se llama Patrichs y pensé que decía Patriarchy jajsjsj olor a VARON,0,0,NO,NO,0.6914459673001161,0.30855403269988396,0.6914459673001161,1
300028,es,#WomensDay: más de 75 países en la Universidad de ITMO @spbifmo_en#MujeresenTecnología #EquidadDeGénero #womenintechhttps://t.co/i45V7GWhgG,0,0,NO,NO,0.8690411448478699,0.13095885515213013,0.8690411448478699,1
300029,es,@TGTM_Official @LineThrough @womensday @LiMaizi @BBCWomensHour @janegarvey1 Intolerable!,0,0,NO,NO,0.8071346643776297,0.19286533562237035,0.8071346643776297,1
300030,es,EDGAR XAVIERI am ArtCharcoal Pencil on Paper85 X 60 CM#gallery #artgallery #digitalart #art #black #onlineart#artwork #artist #africanart #rangigallery#ArtInTanzania #TanzaniaArt #ArtTanzania #Tanzania#Daressalaam #zanzibar #women #africa #womensday https://t.co/NNhkQ80tPk,0,0,NO,NO,0.9446163353438738,0.055383664656126215,0.9446163353438738,1
300031,es,"#Kentucky se convirtió en el primer estado que deja de practicar #abortos en sus #clínicas.Para leer más, siga el link:https://t.co/mmnkE9manm #abortionban #derechosdelamujer #womensrights https://t.co/xQvQZSIkYM",0,0,NO,NO,0.6076974868774414,0.3923025131225586,0.6076974868774414,1
300032,es,“BAN VIAGRA!!!” 👇👇👇👇👇#impotence #RoeVWade #uspoli #Alabama #prochoice #WomensRights #AbortionIsHealthcare https://t.co/OYBssvHXuh,0,0,NO,NO,0.6681457361026327,0.3318542638973672,0.6681457361026327,1
300033,es,"Típica falta de respeto hacia mujeres profesionales, pienso que un conductor que se trata de manera despectiva a sus invitadas no debería salir al aire #Respeto #mujeres #CNNChile #Chile #Women #WomensRights #WomensRightsAreHumanRights  #WomenSupportingWomen https://t.co/XszbDOC5mD",1,0,YES,NO,0.505901575088501,0.494098424911499,0.505901575088501,0
300034,es,"👀Argumentaban que una vez celebrado el juicio militar por acoso laboral y haberlo perdido, ya que el Capitán denunciado ha salido absuelto.Para ellos 🟢 es una sentencia demoledora y piensan que eso debería inhabilitarla para seguir ostentando ningún cargo público.#YoSiTeCreo https://t.co/nbljgqI21g",0,0,NO,NO,0.5925242371090439,0.40747576289095616,0.5925242371090439,1
300035,es,Ya lo que faltaba!! #APOYOAROCIO5M #YoSiTeCreo #Sálvame https://t.co/PhvTxnKydf,0,0,NO,NO,0.8066184280330411,0.19338157196695888,0.8066184280330411,1
300036,es,"Absuelto, si, pero, quién le devuelve su vida?. Cuanto daño el pvto    #YoSiTeCreo   @IreneMontero   @Adrilastra   #ComunismoEsMiseria   #presunciondeinocencia    #LaReunionSecreta https://t.co/wt5rSNo116",1,0,YES,NO,0.7681979308069369,0.2318020691930631,0.7681979308069369,0
300037,es,"@GonzaloMalton @solrose_ Jajajaj al machito bobo éste seguro le dijeron que a las mujeres hay que decirles algo malo para que piensen en vos, tremendo virgo",1,1,YES,YES,0.12884230189575563,0.8711576981042444,0.8711576981042444,1
300038,es,Que a las mujeres hay que tratarlas en igualdad y no se les pega. Fíjate que cosa más básica. https://t.co/VlWrz6mZee,1,1,YES,YES,0.2237706068720014,0.7762293931279987,0.7762293931279987,1
300039,es,@elReneJimenez A las mujeres hay que protegerlas de gonorreas como este viejo hp,1,1,YES,YES,0.322132070191626,0.6778679298083741,0.6778679298083741,1
300040,es,"Si usted está pensando en votar r3chazo, le recuedo que Cecila Morel, ex primera dama, le da miedito que se deje de abusar del pueblo, por que ella dijo...“Vamos a tener que disminuir nuestros privilegios y compartir con los demás”...con que dejen de robar ya estariamos!",0,0,NO,NO,0.5422161494364649,0.45778385056353504,0.5422161494364649,1
300041,es,"@GestorbaMor @Ex_Combatiente No mas el comentario es, una burla para quienes lo necesitan, así como @FranciaMarquezM, quiere abusar de los necesitados, usted es una básura.",0,0,NO,NO,0.5423231882549282,0.45767681174507174,0.5423231882549282,1
300042,es,"Beber daña las neuronas sr. Puente, a quienes les queden claro! Prohibir, probar! La diferencia está, entre probar y abusar! Usted habrá abusado y ahora, como buen socialista, el susconsciente le falla y le sale prohibiendo en vez de probando. La costumbre social comunista! https://t.co/TPe9vUr9M5",0,0,NO,NO,0.8359707843056555,0.1640292156943445,0.8359707843056555,1
300043,es,Proceso abreviado del que hiciste uso y abuso? https://t.co/sJpciY05Y4,0,0,NO,NO,0.7469685673713684,0.2530314326286316,0.7469685673713684,1
300044,es,"@Emanuelrodguez Que no somos animales para reproducirnos sin consciencia, dejando vástagos por el mundo sin preocuparnos de lo que han de vestir, comer y recibir como educación. Una ""sobrepoblación"" de un hogar espiritual y materialmente inadecuado puede ser causa de males como el abuso sexual.",0,1,NO,YES,0.47105441901249945,0.5289455809875006,0.5289455809875006,0
300045,es,"ahora que me relaciono de una manera más libre y menos normativa sufro menos esas violencias sistemáticas del amor romántico, pero aún así sufro las secuelas de haber experimentado tanto abuso en el pasado",1,0,YES,NO,0.7588950847920826,0.2411049152079174,0.7588950847920826,0
300046,es,"¿Qué hay para mi dentro del libro de lecturas recomendadas del programa conocimiento experto Buena Vibra, Buena Vida de Vex King? Aprende el Poder de la Acción Positiva y el Amor Propio para cuestionar y cambiar tu Sistema de Creencias L... https://t.co/4JAsWv894u",0,0,NO,NO,0.9256392328211493,0.07436076717885064,0.9256392328211493,1
300047,es,"Sacar a la luz políticas, prácticas, programas que tanto en presente como en pasado han tenido un impacto positivo, o que constituyen una acción positiva en la mejora de la calidad educativa. Si no conocemos de esto, cómo las desarrollamos y replicamos?",0,0,NO,NO,0.9402573950492816,0.0597426049507184,0.9402573950492816,1
300048,es,"BRINDAR BENEFICIO:El brindar beneficio se conoce como  una palabra que se origina del latín beneficium, que significa bendición o una acción positiva. El recibir o dar un beneficio representa una buena acción que, con seguridad, genera bienestar y felicidad. Los beneficios https://t.co/RGaopkpGyp",0,0,NO,NO,0.9101556403911764,0.08984435960882366,0.9101556403911764,1
300049,es,"sigo pensando en las locas del fandom que pagan por info de ellos y los siguen es como,,,,en serio no tienes nada que hacer que tienes que acosar a tus idols? y estoy 100% segura que si los llegasen a ver con sus parejas estarían tipo ""los biti nos engañaron!!😭"" get a life freak",1,1,YES,YES,0.36277190668750364,0.6372280933124963,0.6372280933124963,1
300050,es,@AlbaCarrilloTW @GinebraLady Jorge tiene muchos defectosPero en absoluto se le puede calificar como acosador por decirle ayer 4 cosas a esa mentirosaAcosar es lo que le estan haciendo desde hace años a Rocio Carrasco y encima desde cierta productora parece que lo ven bien,1,0,YES,NO,0.5157409906387329,0.4842590093612671,0.5157409906387329,0
300051,es,"Ayer fuimos a un antro gay y todo hermoso. Hasta que a dos se les ocurrió acosar y pelear por una morrita que ni los pelaba… onvres heteros, por supuesto.",1,1,YES,YES,0.3561391254787855,0.6438608745212144,0.6438608745212144,1
300052,es,"El proyecto tiene como nombre “Acción empresarial en la prevención de violencia de género y acoso sexual laboral”, empezará el 24 de mayo, y pueden inscribirse de forma gratuita, todas las empresas medianas o grandes que firmen un acuerdo de compromiso https://t.co/FYCEsIWtmH",0,0,NO,NO,0.647888045075892,0.35211195492410796,0.647888045075892,1
300053,es,"@estebancoach Pues de un lado sabes que es broma, del otro lado puede tomarse como acoso sexual...",1,1,YES,YES,0.28291191807651767,0.7170880819234824,0.7170880819234824,1
300054,es,"@Not_TsundereZ CalvoAh diablos no me denuncies por acoso sexual 😭😭Pero fuera bromas, que tiene que ver una cosa con la otra yo tampoco entiendo nada tiene sentido https://t.co/W2ErmEVqQt",0,1,NO,YES,0.28940757246590937,0.7105924275340907,0.7105924275340907,0
300055,es,Dios mío oh padre libranos cada día de:°Los accidentes automovilístico. °Los robos.°El acoso.°La infidelidad. °El homicidio/ feminicidio. °El abuso policial.°El abuso. °El desempleo.°El secuestro en Haití.°La guerra de Putin con Ucrania.°Los desastres naturales.,0,1,NO,YES,0.38186432773279166,0.6181356722672083,0.6181356722672083,0
300056,es,Jaja. Mensajes de texto también. Todo enviado después de que ellos avisaron que cobraron. No voy a caer de vuelta @PersonalFlow_At ya me puse recordatorio en el celu. No te parece que me cagaste demasiado ya? Cualquiera puede considerar que es acoso esto. https://t.co/JkJU1SY1hg,0,0,NO,NO,0.6288654804229736,0.37113451957702637,0.6288654804229736,1
300057,es,"@maleficajnk ""Los mismo digo"" La cuestión es que nosotros no estamos en esa charla, solo BTS entonces porque tienen que cuestionar eso? Mientras que están aquí las propias blinks hablando sobre acoso, nunca lo minimice pero no me parece justo hacer la comparación cuando ustedes acosan también",1,0,YES,NO,0.6073089838027954,0.3926910161972046,0.6073089838027954,0
300058,es,"Y ya lo del ""amor líquido sin relaciones afectivas"", bro conozco más monogamos que hacen eso y no lo achaco a la monogamia, igual el problema no viene del tipo de relación, sino de las mecánicas que se implementan derivadas del sistema económico que estas intentando criticar",0,0,NO,NO,0.6713399887084961,0.3286600112915039,0.6713399887084961,1
300059,es,"Me genera tanto asco saber que soy un amor líquido para los demás, que no puedo parar de vomitar",0,0,NO,NO,0.7688314089527306,0.23116859104726936,0.7688314089527306,1
300060,es,"La intensidad tiene mala fama en estos tiempos de amor líquido. Evita que uno se desborde de afecto porque el otro puede espantarse. Es una lástima porque por amor se vive, por amor se sufre y por amor tiene sentido el mundo inteligible.",0,0,NO,NO,0.7305530745120689,0.2694469254879311,0.7305530745120689,1
300061,es,"Hermanas no se conformen con mediocridades, el amor romantico si existe Y LO COMPROBE",0,0,NO,NO,0.6065579237508155,0.3934420762491845,0.6065579237508155,1
300062,es,"No sé qué hay de malo en anhelar un amor romántico, será difícil encontrar pero no imposible 🥲",0,0,NO,NO,0.880347285260341,0.119652714739659,0.880347285260341,1
300063,es,Me dan ganas de vomitar cada que pienso en amor romántico o relaciones monógamas perdóname en verdad lo estoy intentando,0,0,NO,NO,0.6527395455396446,0.34726045446035536,0.6527395455396446,1
300064,es,seguir idealizando y romantizando características sexo corporales adeptas al androcentrismo y a la masculinidad.,1,0,YES,NO,0.5776009387492854,0.42239906125071464,0.5776009387492854,0
300065,es,Esta publicidad solo incluye a gais y bisexuales hombres cisgénero. El androcentrismo se expresa hasta en las luchas más bonitas. Qué mal. https://t.co/7ImlUzsBTB,1,0,YES,NO,0.5918748731538578,0.4081251268461422,0.5918748731538578,0
300066,es,"El androcentrismo ha provocado que el diagnóstico y el tratamiento de cientos de enfermedades sean más tardados, erróneos o inexistentes para las mujeres https://t.co/X3zvGAYxOb",1,0,YES,NO,0.5339097658449551,0.4660902341550449,0.5339097658449551,0
300067,es,"@EstefanChidiac @Arqui_Puebla Hola Monseñor, también asesinar mujeres es pecado",1,1,YES,YES,0.1740179554213312,0.8259820445786688,0.8259820445786688,1
300068,es,"@Dialogo_es @FuerzasMilCol si asesinar mujeres embarazadas , bombardear niños y sacar los ojos a estudiantes, pero con los actores armados si son cagado no a otro perro con ese hueso",0,1,NO,YES,0.3958564816670561,0.6041435183329439,0.6041435183329439,0
300069,es,@petrogustavo Feminicidios?...es decir los hombres salimos a las calles a asesinar mujeres? Cómo si fuéramos nazis buscando judíos? Muy pendeja tu ideología.,1,1,YES,YES,0.22266693250339822,0.7773330674966018,0.7773330674966018,1
300070,es,"@xCaptainBolton — Siguió ese beso, que fue corto y rápido pero siempre con mucho sentimiento, lo que no faltaba entre ellos.—¿Te imaginas? Como para pasar por un sitio de hiedra y que nos empiece a picar todo el cuerpo.— La imagen no era nada atractiva, la de Troy desnudo por supuesto +",0,0,NO,NO,0.7815250158309937,0.21847498416900635,0.7815250158309937,1
300071,es,Atestigua alcalde @JGimNogales ceremonia de pesaje de atractiva función de box @GobiernoNogales @DeporteNogales #Nogales https://t.co/sMkOe3Vgij,0,0,NO,NO,0.8440362215042114,0.15596377849578857,0.8440362215042114,1
300072,es,"@Charlypepa69 Ah claro que sí , igual y en una de esas me permiten invitarles unas frías para conocernos , pues ella me parece sumamente atractiva",1,0,YES,NO,0.5256462693214417,0.47435373067855835,0.5256462693214417,0
300073,es,"@betty47866399 No te debes avergonzar, es un trabajo digno. Y si te dicen lo contrario es por que no saben valorar lo que hace el resto.",0,0,NO,NO,0.8085169551218463,0.19148304487815365,0.8085169551218463,1
300074,es,Que le ocurra a una sola persona ya debería avergonzar al diplomático. La vergüenza lleva un retraso de años...https://t.co/fDhv9PuvrR,0,0,NO,NO,0.8874067531912513,0.11259324680874874,0.8874067531912513,1
300075,es,"@Solateras33 @tarari_q_t_lei @RealDonBernabeu Vamos, que estamos justificando esto? No creo no, evidentemente, es mejor prevenir que curar, pero creo que esto debería avergonzar a todo Atlético, al igual que me pasaría a mi con mi Real Madrid, menos mal que mis buenos amigos atléticos, no son asi",0,0,NO,NO,0.9153379201889038,0.08466207981109619,0.9153379201889038,1
300076,es,"@Pajaropolitico @lopezobrador_ @GobiernoMX Que no vaya, recuerdan que la última vez en la @ONU_es nos avergonzó?... Fue a pedir dinero para sus programas y a criticar a todos cuando a los mexicanos nos tiene hasta la madre de violencia, sin medicamentos, trabajo y salud!! https://t.co/TikbU3jwBQ",0,0,NO,NO,0.7949895858764648,0.20501041412353516,0.7949895858764648,1
300077,es,"@HannaIsBack Mi madre mapuche champurria ocultó y se avergonzó siempre de su origen, sufrió mucho de niña, año 2004 saque cert  indígena mío y de mis hijos, ellos, al igual que yo, son orgullosos de su ascendencia, pero llegar a eso costó mucho😕",0,0,NO,NO,0.7126389358234089,0.2873610641765912,0.7126389358234089,1
300078,es,"@shercanada2005 Por qué se avergonzó casi 25 años? Después, que sea lo que carajo quiera.",0,0,NO,NO,0.7010432690692923,0.2989567309307078,0.7010432690692923,1
300079,es,"@LuigiDev @ivanedlm Se llama resumen, la parte de marilin no tiene interés alguno, menos aún viniendo de alguien a quien le gustaría azotar mujeres hasta hacerlas sangrar.",1,1,YES,YES,0.1521332950671491,0.8478667049328509,0.8478667049328509,1
300080,es,"@Parruinalamia Ella invento la mujer, el resto de géneros y castigó al hombre por ser hombre.Y si estas con esa idea, puedes azotar mujeres fachas hasta que sangren.",1,1,YES,YES,0.1665783747991193,0.8334216252008807,0.8334216252008807,1
300081,es,"@Kiwiwifer @xeritdelvalle @peemea68 @Bizkaia El cristianismo no dice ""hay q abusar de los niños"", el islam si permite azotar mujeres y colgar homosexuales ..ves la diferencia?",1,1,YES,YES,0.2816704511642456,0.7183295488357544,0.7183295488357544,1
300082,es,"@Thecoffee_maker Si pero en el estamento dirigente (que es un subconjunto de quienes tienen ""situacion acomodada"") hay barreras invisibles que impiden la entrada de personas de otros orígenes",0,0,NO,NO,0.8778497838333185,0.12215021616668154,0.8778497838333185,1
300083,es,"#EnVivo Conferencia ""Barreras invisibles para madres trabajadoras"", impartida por la Mtra. Virginia Shaday Gutiérrez León https://t.co/a0I792uYSb @diigeBUAP @BUAPoficial",1,0,YES,NO,0.6637882590293884,0.3362117409706116,0.6637882590293884,0
300084,es,@Chicocartera Ojo un Soulslike de Mimos.A ver quién es el listo que pasa a través de sus barreras invisibles.,0,0,NO,NO,0.8558528168245311,0.14414718317546896,0.8558528168245311,1
300085,es,"""hip dips are ok &lt;3"" y sube una foto de sus hip dips casi imperceptibles pero con el polo todo subido para que se le vea la cinturita, el culaso y su thigh gap XDDD body positivity mis pelotas :)",1,0,YES,NO,0.5834752669021647,0.4165247330978354,0.5834752669021647,0
300086,es,ay ya regresaron los filtros mamadores jajaja ya ustedes haciendo toda una campaña body positivity,0,0,NO,NO,0.6958542284878628,0.3041457715121371,0.6958542284878628,1
300087,es,Les encanta mamar de body positivity hasta que es alguien flacx. Dejen de opinar sobre el cuerpo de lxs demás🤫,1,0,YES,NO,0.6178585106772628,0.38214148932273717,0.6178585106772628,0
300088,es,¡Que es estoooo! jajaja ay lo que me faltaba por ver jajajaEEUU da luz verde a las primeras bragas que protegen de infecciones durante el sexo oral https://t.co/0ih2l2L7Vw a través de @ABC_Sociedad,0,1,NO,YES,0.4622980195968753,0.5377019804031247,0.5377019804031247,0
300089,es,Os confieso q cada vez q veo una foto de orslok 2015 se me caen las bragas,0,1,NO,YES,0.38034073231573506,0.6196592676842649,0.6196592676842649,0
300090,es,@dolumouri99 si e non vamos mencionar que sujeto me viu as bragas pola túa culpa😘,0,1,NO,YES,0.33642288067477233,0.6635771193252277,0.6635771193252277,0
300091,es,La jornada intensiva en los colegios perjudica a los alumnos y agrava la brecha de género https://t.co/9fV5fxcZEm a través de @La_SER,0,0,NO,NO,0.533291427296911,0.46670857270308896,0.533291427296911,1
300092,es,"📢@EITFood abre plazo para presentar candidaturas a su iniciativa ""Empowering Women in Agrifood"" que apoya #proyectos fundados por #mujeres con el objetivo de superar la #brecha de #género que existe en el sector #agroalimentario.➕ Info e inscripción 👇 https://t.co/sEVQenYnc7",0,0,NO,NO,0.7158231735229492,0.2841768264770508,0.7158231735229492,1
300093,es,"En nuestra provincia, existe una importante brecha de género de empleo juvenil. Mientras que el 45% de varones se encuentra empleado, sólo se encuentra en la misma situación el 25% de mujeres.",1,1,YES,YES,0.3787832260131836,0.6212167739868164,0.6212167739868164,1
300094,es,En el centro de Fundación Cepaim en #Algeciras se ha puesto en marcha el taller 'Conectad@s' en el que participan 10 mujeres migrantes residentes en la localidad.👉 Una formación que pretende disminuir la brecha digital de género.#SalirDelCirculo @inclusiongob https://t.co/dHuAsasmUP,0,0,NO,NO,0.746230222397142,0.253769777602858,0.746230222397142,1
300095,es,La formación es esencial para eliminar de la raíz la brecha digital de género y superar estereotipos https://t.co/B6HAQ6Mxmm vía @UGT_Comunica,0,0,NO,NO,0.5889823261206649,0.41101767387933513,0.5889823261206649,1
300096,es,"⚫ En cuanto a la brecha digital de género relacionada con el uso de Internet, España se sitúa en el puesto de 26 (Bahréin o Costa Rica demuestran mejor desempeño). https://t.co/7JDZLRJczG https://t.co/GEZHKGXU6c",0,0,NO,NO,0.6412329864869412,0.35876701351305884,0.6412329864869412,1
300097,es,"Brecha salarial de género, un reflejo de la sociedad. La visión de Fernanda Vicente y Desafío 10X.https://t.co/5N0pjf34F6 https://t.co/HLnt9T2ipG",1,0,YES,NO,0.531895248180911,0.46810475181908895,0.531895248180911,0
300098,es,@JPiiiNKMan @marcosprada_03 @celialaso1 ah que a los hombres en las entrevistas os preguntan si queréis tener hijos? sabes lo que es el techo de cristal? la brecha salarial de género? las diferencias de lo que cobran las mujeres y los hombres? a ver si la clase de gratis te la voy a tener que dar yo al final,1,1,YES,YES,0.29515473275454446,0.7048452672454556,0.7048452672454556,1
300099,es,"Lanzamos #EquiRutas con el propósito de incrementar la participación de las mujeres en el sector laboral, vinculación en cargos de liderazgo y reducir la brecha salarial de género. 👩🏽‍💼👩🏽‍💻¡Únete con tu organización a esta #IPG! ➡️ https://t.co/wSH7FIV74b https://t.co/EO6eK8OTfQ",1,0,YES,NO,0.5168234859950389,0.4831765140049611,0.5168234859950389,0
300100,es,"Es cierto que empalar a alguien y hacer bullying no son lo mismo, pero una cosa sí puede llevar a la otra. El bullying se puede medir con violentómetro. Lo que comienza con burlas, risas, y “chistes pesados” (que de chistes no tienen nada), sí puede terminar en la muerte.",0,1,NO,YES,0.47270601987838745,0.5272939801216125,0.5272939801216125,0
300101,es,"Uber Eats tipo: Aprovecha estos artículos en descuento!Y son puros condones.Es bullying, oigan.",0,0,NO,NO,0.7991788030037819,0.2008211969962181,0.7991788030037819,1
300102,es,mis chicos no tienen nada que ver así que no los menciones y aquí lo único irónico es que hablen de bullying teniendo a stray kids y gidle en su stan list #¿? https://t.co/teAwb92fIg,0,0,NO,NO,0.7175550888511592,0.28244491114884085,0.7175550888511592,1
300103,es,@S0yWerita CalificaciónCara 100 más puntos extraCintura 100Caderas 100Chichis 85Promedio 99 por encima de cualquier dama tu si llegaste a la repartición de belleza a tiempo,1,1,YES,YES,0.3789874315261841,0.6210125684738159,0.6210125684738159,1
300104,es,Tu eres poesía que fluye por mis venasEres mis másperversas fantasíasMe sumerjo en tu miradame pierdo entre tu cuerpoSueño y despiertocon las manos en tus caderasy mi boca entre tu humedadTu figura sé contraeMi piel sé erizaAl oírte jadear y suspirar.#juevessensual https://t.co/pUBxAQ8kzd,0,0,NO,NO,0.7574471009538442,0.24255289904615585,0.7574471009538442,1
300105,es,@caderas_blancas Uhh que bajón menos mal que te tienen a vos!,0,1,NO,YES,0.41992366313934326,0.5800763368606567,0.5800763368606567,0
300106,es,alguien de cadiz capital q busque compañera d piso o chacha d la limpieza solo necesito cama y ducha el resto me apaño,0,1,NO,YES,0.44830071926116943,0.5516992807388306,0.5516992807388306,0
300107,es,chacha un mes ignorándome y ahora me vai a felicitar cómo si nada? 🖕🏼,0,0,NO,NO,0.6182453632354736,0.38175463676452637,0.6182453632354736,1
300108,es,"Que difícil tener a chacha en face, todas las semanas tengo que adivinar quien es el nuevo perfil con nombre raro😂",0,0,NO,NO,0.5583470726998405,0.4416529273001595,0.5583470726998405,1
300109,es,Hoy en clases una chica se quejó con la profesora porque vino a dar el parcial sin dormir y que seguro le fue mal por eso.  Les juro que me empecé a cagar de risa atrás Mamita....lo que te espera,0,0,NO,NO,0.6585359769623272,0.3414640230376727,0.6585359769623272,1
300110,es,"Ya soy conocida internacionalmente como, la chica de los audífonos blancos 😅 ya son parte de mi",0,0,NO,NO,0.6850167512893677,0.3149832487106323,0.6850167512893677,1
300111,es,"No es extraño, pero cuando chica me daba risa y encontraba tierna la calle chiu chiu :’) https://t.co/y0SlW2IbC6",0,1,NO,YES,0.4528980255126953,0.5471019744873047,0.5471019744873047,0
300112,es,"Madama antro para mujeres? Un lugar en el que primero entran las chicas, se toman sus drinks, y empiezan a enfiestarse, bien, después dejan entrar a los hombres, entran sobrios y con ganas de agarrar lo primero que ven por qué se supone que las chicas ya están ahí dentro",1,1,YES,YES,0.2173069715499878,0.7826930284500122,0.7826930284500122,1
300113,es,con q motivación voy a entrenar ahora si ya no veo a ninguna de las chicas 😭,1,0,YES,NO,0.7482843026007504,0.2517156973992496,0.7482843026007504,0
300114,es,"Y chicos y chicas, vayan ahorrando mucho mucho porque SE VIENE WORLD TOUR luego del lanzamiento del álbum, tal vez 2023 (digo por las fechas) 😳❤️‍🔥✨✨✨",0,0,NO,NO,0.8643209466982029,0.1356790533017971,0.8643209466982029,1
300115,es,El lunes 2 de mayor fue el día del ciber acoso escolar. Hay que extender la celebración a los adultos. Cuánto descerebrado de dedo suelto y cerebro emponzoñado. Estos días he leído mensajes cuyos redactores deberían estar denunciados. En fin... #Ciberacoso,0,0,NO,NO,0.7434732913970947,0.2565267086029053,0.7434732913970947,1
300116,es,@GalGadot (o #wonderwoman) también lucha contra el bullying: reportes de la prensa israelí señalaron que la estrella de Hollywood invirtió en una startup que desarrolla contenidos contra el acoso y el ciberacoso 🇮🇱https://t.co/B2mo77axcq,0,0,NO,NO,0.5093637260605015,0.4906362739394985,0.5093637260605015,1
300117,es,"Si usted sabe o sospecha de casos de intimidación escolar y ciberacoso, repórtelos en https://t.co/XkBwm1RurD o en la App Te Protejo https://t.co/2QULzaCDbJ",0,0,NO,NO,0.692465603351593,0.307534396648407,0.692465603351593,1
300118,es,"@JManuelRivasV @esteusernomurio 1) A personas LGBT+ se las asesina por ello y x ser quienes son, por tanto, debería importarnos si la sexualidad e identidad es motivo de crímenes de odio.2) ☝️3) Si eres hombre, cisgénero y hetero, esos son privilegios.4) Ninguno, del mismo modo en q yo respondo a lo tuyo.",0,1,NO,YES,0.46116310358047485,0.5388368964195251,0.5388368964195251,0
300119,es,"""""Esta obra"""""", ""hombre cisgenero"""". Ptm, el -67% en el último año no ha sido suficiente. https://t.co/xVdRfByLYe",0,0,NO,NO,0.5969111919403076,0.4030888080596924,0.5969111919403076,1
300120,es,@EugeniodOrs_ @portodoslados @PadrePich Y qué le hace pensar que el tema era para público cisgénero?,0,0,NO,NO,0.6992565393447876,0.3007434606552124,0.6992565393447876,1
300121,es,"Jornada 2 de las #JIPAtq20. Hemos tenido ponencias y talleres sobre PLE,  coaching educativo, gamificación, neuroeducación, ABP, ABJ, aprendizaje cooperativo, coeducación, mindfulness, robótica, disciplina positiva, trabajo por proyectos, evaluación y competencias. @EducaAnd https://t.co/dim2NuQzyp",0,0,NO,NO,0.9502570068473257,0.04974299315267426,0.9502570068473257,1
300122,es,Avanzar en coeducación es posible (si sabes cómo)https://t.co/w2dRzVzLCK,0,0,NO,NO,0.898113879617635,0.10188612038236498,0.898113879617635,1
300123,es,"Con estos talleres para el alumnado de 1º de Bachillerato del IES Candás finaliza esta edición ""alargada"" de los Jornadas de #Coeducación del #AytoCarreño - @cabopenasjoven@mocedastur #redsij #injuve https://t.co/0nnVWc6bja",0,0,NO,NO,0.9542340841271917,0.04576591587280827,0.9542340841271917,1
300124,es,Es increíble cómo una mujer puede mentir TANTO en sus fotos. Las propias estafadoras.,1,1,YES,YES,0.13810572439747226,0.8618942756025277,0.8618942756025277,1
300125,es,''No sabe ni actuar como una mujer abusada'' y como monda debemos actuar cuando somos abusadas?? Ilustrame cariño 😃😃😃 https://t.co/0lkOKm1AQl,1,1,YES,YES,0.16570000852942415,0.8342999914705759,0.8342999914705759,1
300126,es,"Un hombre con plata es como una mujer bonita, no te casas con alguien solo por su belleza pero acaso eso no ayuda ?",1,1,YES,YES,0.28201115131378174,0.7179888486862183,0.7179888486862183,1
300127,es,Como una niña pequeña viendo la puntuación de #Eurovision #Chanelazo,0,0,NO,NO,0.7680748105049133,0.23192518949508667,0.7680748105049133,1
300128,es,Marcelo me tiene llorando como una niña. Grande que te vas por la puerta correcta!!! Gracias por tanto 😭😭😭,0,0,NO,NO,0.6561075849501018,0.3438924150498982,0.6561075849501018,1
300129,es,Roma Hoito la fundadora del grupo sus nombres clave son: La Madre Astuta y Gypsy. Es una anciana a pesar de que luce como una niña y es Bikaku Kakuja rango SSS https://t.co/4ibFTZsGxn,0,0,NO,NO,0.5054667592048645,0.4945332407951355,0.5054667592048645,1
300130,es,"mi mamá me vio sentada y me dijo ""ay valentina, sentate como una señorita, sos más ordinaria q papel de lija"" jaksjaka",1,1,YES,YES,0.21258938312530518,0.7874106168746948,0.7874106168746948,1
300131,es,"@shopaholic77777 @MeDicenPajita No olvidemos que Vania iba a mandar a la policía a Ticlio, o que le iba a quitar su trabajo, eso no es agresión verbal? Acaso a los policías no se le podía hablar como una señorita y en forma alterada? Y los pobres policía solo los intervinieron por quebrar los protocolos covid",0,1,NO,YES,0.29549755765504965,0.7045024423449504,0.7045024423449504,0
300132,es,"@Horacio_Cartes Tampoco a nosotros ya no saben que decir ,la ciudadanía no es tonta ,el presidente al que usted le salvo se presta como dinero sencillo   como un idiota útil del vice presidente a decir mentiras, ya no tiene remedio presidente se va y se va como una señorita.Adelanteeeee!!",1,1,YES,YES,0.3613605499267578,0.6386394500732422,0.6386394500732422,1
300133,es,"@populares @CnLacoba De una sea:He tenido que rechazar un trabajo porque no vería a mi hijo de 4 años desde las 8:30 hasta las 19:30. Mi hembra mamífera interna en periodo de crianza ha salido del armario y ha dicho que por ahí no pasa. Que no me hablen de conciliación, por favor, porque no es real.",0,0,NO,NO,0.7137978076934814,0.28620219230651855,0.7137978076934814,1
300134,es,@MarceloLarin1 @JorgeCastro_SV ¡¡¡ASÍ TIENE QUE SER CONCILIACIÓN!!!FELICITACIONES A LOS 2.,0,0,NO,NO,0.6070841731752209,0.3929158268247791,0.6070841731752209,1
300135,es,"@cemodile @Isa_Borjas @Profeco @Ticketmaster Estimada Celia, lamentablemente este proveedor no está registrado en ninguna de nuestras plataformas de conciliación, por ello tienes que acudir personalmente a cualquiera de nuestras Odecos.",0,0,NO,NO,0.8976713352078844,0.1023286647921155,0.8976713352078844,1
300136,es,"@4pelagatos4 Paliza?… de qué hablan desinformadores, yo vi una 10/20 asustada y queriendo conciliar después de darse cuenta del craso error cometido al dar paso una acción por demás absurdo y que raya en nuevamente judicializar la política, miopes cegados por el odio",0,0,NO,NO,0.6917905601325465,0.3082094398674536,0.6917905601325465,1
300137,es,"Y sé que esta noche, cuando no logre conciliar el sueño, me reprocharé amargamente esta cobardía.LA COMUNIDAD- Helene Flood",0,0,NO,NO,0.7393112778663635,0.2606887221336365,0.7393112778663635,1
300138,es,"@UKR_token Y todo gracias al miserable genocida #Putin . Espero que no pueda conciliar el sueño, ni aún con pastillas.",0,0,NO,NO,0.89452995202735,0.10547004797265006,0.89452995202735,1
300139,es,"""La restauración permite acciones en territorio buscando el buen vivir. Es un reto constante, la corresponsabilidad es necesaria."" Gavino Vargas, Coordinador Zona 3 Maate. https://t.co/uoRnSwjacR",0,0,NO,NO,0.9585248231887817,0.04147517681121826,0.9585248231887817,1
300140,es,"Muchos sienten atacados sus intereses cuando se trabaja para todos y la solidaridad, el beneficio común, la corresponsabilidad fiscal, la igualdad de trato se pone tras cada medida legal. Son demócratas de boquilla.#ConIoneCRECEMOS en democracia, con y para la democracia https://t.co/E2KeXYy3tj",0,0,NO,NO,0.8771071826118462,0.12289281738815386,0.8771071826118462,1
300141,es,"DÍA DEL NIÑO: Hugo Sánchez Castillo, presidente de la Sociedad Iberoamericana de Neurociencia Aplicada, viene a desmitificar el daño producido por las pantallas en los menores y advierte de una corresponsabilidad de los padres. https://t.co/V7eW9jX24g",0,0,NO,NO,0.9145388466933542,0.08546115330664585,0.9145388466933542,1
300142,es,¿Todavía no ha salido ningún tonto de izquierdas hablando de la cosificación del cuerpo femenino? https://t.co/CYY1F9aJEz,0,1,NO,YES,0.27702003717422485,0.7229799628257751,0.7229799628257751,0
300143,es,"@Clarice07935355 @karinacastelao Puede que sea otro caso en el que confunden la sensación que produce la cosificacion del cuerpo femenino con la disforia, pero en lugar de reflexionar inmediatamente creen que son trans y que se van a sentir mejor amputandose",1,1,YES,YES,0.29911506175994873,0.7008849382400513,0.7008849382400513,1
300144,es,"@femi_naza Cosificación del cuerpo femenino, capitalización, monetización. Una pena",1,1,YES,YES,0.3386190932577578,0.6613809067422421,0.6613809067422421,1
300145,es,"@Jackeli09995703 @petrogustavo A ti mujer Rodolfo te quiere en la casa calladita lavando, cocinando y de cuidadora. https://t.co/dkgdMivh76",1,1,YES,YES,0.31667951842072495,0.683320481579275,0.683320481579275,1
300146,es,"@irasustfu @crunchyroll_la Ya, ahí Pen² no entra, entra su cuidadora",0,0,NO,NO,0.7369474925430124,0.26305250745698766,0.7369474925430124,1
300147,es,En @vozferrol: Dos años de prisión para la cuidadora de un mayor de Cedeira por robarle dinero del banco https://t.co/TvX81tYD45,0,0,NO,NO,0.7496032118797302,0.2503967881202698,0.7496032118797302,1
300148,es,@HotEmma3 Sabroso culo... para reventarlo a vergazos corazón 🔥,1,0,YES,NO,0.6695804595947266,0.33041954040527344,0.6695804595947266,0
300149,es,"@suzidane_ Si es culo anduviera contigo, probablemente no serías el único que se lo anduviera comiendo.",1,0,YES,NO,0.5113821916948442,0.4886178083051557,0.5113821916948442,0
300150,es,"@Bautiicapitani Uno te pregunta preocupado, y el culo parado no saluda por la calle. Mala persona",1,0,YES,NO,0.7536079512121663,0.24639204878783372,0.7536079512121663,0
300151,es,¿Cómo puedes amenazar de violar a alguien y quedar impune? BASTA! La cultura de la violación tiene podrida a la sociedad. https://t.co/ED2P9ONtVs,1,1,YES,YES,0.4133637475940215,0.5866362524059785,0.5866362524059785,1
300152,es,"Emakunde pide ""plantar cara a la cultura de la violación"" en las fiestas vía @gasteizhoy https://t.co/dQe2cFN6Qo",1,1,YES,YES,0.4197051870998629,0.5802948129001372,0.5802948129001372,1
300153,es,"@TDanganronper @IreneMontero La mujer promedio, aun sin identificarse como feminista, creerá en chaladuras como la opresión masculina o la cultura de la violación.",1,1,YES,YES,0.18672298173193605,0.813277018268064,0.813277018268064,1
300154,es,"Una de mis mejores amigas me regalo la ruana que me quería comprar, pregúntame si me conoce. Recibiendo regalos de cumple en cuotas aún",0,0,NO,NO,0.7110366821289062,0.28896331787109375,0.7110366821289062,1
300155,es,@monjamarengo @sobviotxica Se saca a cuantas cuotas sin interés? 😱,0,0,NO,NO,0.705326595743698,0.294673404256302,0.705326595743698,1
300156,es,Te das cuenta que creciste cuando en vez de alegrarte por un celu nuevo te preocupas por como vas a hacer pagar las cuotas,0,0,NO,NO,0.8108031749725342,0.18919682502746582,0.8108031749725342,1
300157,es,"@antituco4ever @CesarAcunaP @UCV_Peru Termino de leer la cagada de la Asamblea Chilena. Nueva constitución pura mierda...   ""Democracia paritaria. El Estado reconoce y promueve una sociedad en la que mujeres, hombres, diversidades y disidencias sexogenéricas participen en condiciones de igualdad sustantiva""",1,0,YES,NO,0.6826307962756875,0.31736920372431254,0.6826307962756875,0
300158,es,"@NiUnaMenosChile Es una joda misogina, un insulto hablar de democracia paritaria cuando no tienen idea quién es mujer y nos borraron judicialmente a un estado mental o un ""alma"".",1,1,YES,YES,0.24491097793248362,0.7550890220675164,0.7550890220675164,1
300159,es,Conceptos del “experimento constitucional” de dudosa definición:🤡👀🫣- Igualdad sustantiva.- Empresas semipúblicas.- Grupos históricamente excluidos.- Enfoque de género.- Medidas afirmativas.- Criterio de proporcionalidad.- Democracia paritaria.- Maritorio.#rechazo,1,0,YES,NO,0.6568845314715942,0.34311546852840574,0.6568845314715942,0
300160,es,"@BalbontinCas @BalbontinCas Me arrepiento de haber contestado a su tuit. No porque simpatice con Vox. Si no por haber leído un tuit, donde se demuestra la falta de sensibilidad, y sentido común. Literal: Entre la baja maternal, la regla, la depresión posparto. Hilo",1,0,YES,NO,0.6864168643951416,0.3135831356048584,0.6864168643951416,0
300161,es,He cogido una especie de depresión posparto tras la Decimocuarta. Han sido cuatro años muy largos los que ha durado gestándose.,0,0,NO,NO,0.7964913845062256,0.20350861549377441,0.7964913845062256,1
300162,es,Si la hipertensión persiste debe evitarse el uso de metildopa como antihipertensivo (depresión posparto),0,0,NO,NO,0.84033908964214,0.15966091035786004,0.84033908964214,1
300163,es,"@dianama46158538 Claro que recuerdo este episodio triste y desalmado y atros cometido por las Farc los mismos que hoy se pavonean como honorables en el senado y hasta dan catedra de derechos humanos.Hechos que los jovenes ignoran y se niegan a creer, incluso alaban esa caterva de asesinos.",0,0,NO,NO,0.625600278377533,0.37439972162246704,0.625600278377533,1
300164,es,Profesora yo entiendo que tiene muchas esperanzas en mí pero de verdad no he tenido cabeza para leer 317 páginas sobre la convención de derechos humanos para las personas con discapacidad. :(,0,0,NO,NO,0.8852239451457287,0.11477605485427135,0.8852239451457287,1
300165,es,@ActualidadRT Los reyes de los derechos humanos están causando la debacle económica de todo el mundo.,0,0,NO,NO,0.8880205485814646,0.11197945141853537,0.8880205485814646,1
300166,es,✊🏼 Desde Km0 nos solidarizamos con el llamado a la #MareaVerdePRen defensa de nuestros derechos sexuales y reproductivos.📢 #AbortoLibreSeguroAccesible 📆  MAÑANA 28 de mayo ⏰  2:00pm📌  Frente al Tribunal Federal del VSJ#AgitayTransforma#OtraSeguridadPublica https://t.co/fXxgJ6yeAD,0,0,NO,NO,0.7618988752365112,0.23810112476348877,0.7618988752365112,1
300167,es,"En la platica “Balance Histórico de los Derechos Sexuales y Reproductivos de las mujeres de la CDMX” organizado por la Secretaria Estatal de Mujeres Morena CDMX, muy contenta de compartir este tipo de actividades con mujeres organizadas, fuertes, valientes, comprometidas. https://t.co/kDSPhfboIj",0,0,NO,NO,0.6665209531784058,0.33347904682159424,0.6665209531784058,1
300168,es,¡Hoy es el día! Para que el Congreso de Guerrero vote a favor por los derechos sexuales y reproductivos de las mujeres en el Estado💚💚💚💚💚💚💚💚💚💚💚💚💚💚💚💚💚💚💚💚💚💚💚💚💚💚#SeraLeyGuerrero https://t.co/GAcfMCuGUZ,0,0,NO,NO,0.5647884607315063,0.43521153926849365,0.5647884607315063,1
300169,es,"""Discriminación indirecta por razón de sexo: Tener el distintivo «Igualdad en la Empresa» no significa que una empresa no pueda incurrir en prácticas discriminatorias""#igualdad#planesdeigualdadVia @SincroAsesores #LACTANDOENDIVERSOhttps://t.co/QeIrY6LxaO",1,0,YES,NO,0.6791588664054871,0.32084113359451294,0.6791588664054871,0
300170,es,@carlosclavijo22 Se puede opinar de la ley que incentiva la contratación de hombres? Se llama discriminación indirecta. Quien hace esa ley tiene un desconocimiento total del mercado laboral.,1,1,YES,YES,0.4714292287826538,0.5285707712173462,0.5285707712173462,1
300171,es,"Conclusión: A menos que se justifique objetivamente y sea proporcionado al objetivo perseguido, este tipo de disposiciones suponen discriminación indirecta cuando, por su naturaleza, afectan más a trabajadores de otros Estados miembros. (7/7)",0,0,NO,NO,0.8764062597509468,0.12359374024905323,0.8764062597509468,1
300172,es,"Deconstruyendo estereotipos sobre la mujer gitana: ""Sufrimos una discriminación múltiple"" https://t.co/eGeY38gl1m vía @_infolibre",1,1,YES,YES,0.3639388084411621,0.6360611915588379,0.6360611915588379,1
300173,es,"7. Discriminación múltiple: existirá cuando además de discriminación por motivo de identidad o expresión de género, una persona sufra de forma simultánea discriminación por otros motivos recogidos en la legislación europea, nacional o autonómica.",0,0,NO,NO,0.6722092628479004,0.3277907371520996,0.6722092628479004,1
300174,es,"🟣 Buenos días! Ya tenemos abierto el plazo del curso en modalidad presencial sobre “Discriminación Múltiple y Feminismo” los próximos días 2 y 3 de junio en Almodóvar del Campo, con un horario por la tarde de 16 horas a 19 horas. 👉🏻 Para +info: https://t.co/9CvFcJJ6QQ https://t.co/31pq4Z0J7a",0,0,NO,NO,0.7881872771410239,0.21181272285897618,0.7881872771410239,1
300175,es,"No tengo palabras,horrible y x desgracia hay tantos padres así todavía hoy.Siempre he defendido los derechos d mi hija a una vida plena,incluso cuando no estaba d moda. “Mis padres me esterilizaron con 18 años mediante manipulaciones” https://t.co/UTJeyX6TkW vía @elsaltodiario",1,0,YES,NO,0.6326581239700317,0.36734187602996826,0.6326581239700317,0
300176,es,"🍊Nuestra cabeza de lista por #Granada, @ConchaInsua, se reúne con colectivos de personas con diversidad funcional acompañada de la directora general de Turismo, @Marian_Adan_Paz, y el delegado territorial, @GustavoRodrigCs, para abordar temas relativos a accesibilidad turística. https://t.co/CJ3XUGndbv",0,0,NO,NO,0.9579118561589111,0.04208814384108889,0.9579118561589111,1
300177,es,"👩🧑 La Fundación TAU de Huelva, el centro de diversidad funcional municipal y la asociación local Rumbo Fijo viven un día de convivencia en #PuntaUmbría 🤝🤝 Visitaron el yacimiento arqueológico ‘El Eucaliptal’ y las instalaciones del centro https://t.co/a3T5EB8F4a",0,0,NO,NO,0.9469680750855503,0.05303192491444973,0.9469680750855503,1
300178,es,"En #CLM trabajamos cada día para romper el ‘glass celling’. También en el medio rural donde existe una doble discriminación. Por eso nuestra Ley del Estatuto de las Mujeres Rurales, pionera en España. Impulsando su #empoderamiento ✉️ Hoy, en #cartasaladirectora @elpais_espana https://t.co/pVUkhQ3a8F",1,0,YES,NO,0.5906014794469762,0.40939852055302384,0.5906014794469762,0
300179,es,"Esta población sufre doble discriminación por ser indígenas y migrantes, quienes llegan principalmente del sur del país, a lo que se suma el trabajo infantil que no se ha erradicado y la falta de apoyos https://t.co/2IK5fRSmul",0,0,NO,NO,0.8199655413627625,0.18003445863723755,0.8199655413627625,1
300180,es,"@aspergeralos40 Entiendo tu situación y tu cabreo es comprensible totalmente, pero lo q dices no es discriminación positiva. Y sinceramente, veo complicado q eso q cuentas sea así al 100%. Soy mujer con discapacidad y he sufrido la doble discriminación toda mi vida.",1,1,YES,YES,0.4110216498374939,0.5889783501625061,0.5889783501625061,1
300181,es,Otra vez... Desde que rayados jugó conca.... Siempre le ponen doble jornada en el clásico. Y los LLorones descansando. https://t.co/SFKeQl2E7D,0,0,NO,NO,0.9058649674931909,0.09413503250680913,0.9058649674931909,1
300182,es,"Anafre , la usabamos en clases para calentar la tetera y tomar tesito en las clases de doble jornada https://t.co/qQlALRp7ac",0,0,NO,NO,0.6325136423110962,0.3674863576889038,0.6325136423110962,1
300183,es,"@Dios___Virgen__ Hoy domingo hay doble jornada en la gestion del camarada @JEHYSONGUZMAN en el hosp sor juana y en el ivss, acude a vacunar a los tuyos.",0,0,NO,NO,0.8460652197848841,0.15393478021511584,0.8460652197848841,1
300184,es,Os traemos GAIA 3. En este número os hablamos del ECOFEMINISMO. ¿Puede ser este concepto la explicación a todos los males que ejerce la especie humana?  DISFRÚTALA 🙌💜¡VISITA NUESTRA WEB Y DESCARGA EL NÚMERO DE ESTE MES! https://t.co/bqaoQCTx4M,0,0,NO,NO,0.5848935842514038,0.4151064157485962,0.5848935842514038,1
300185,es,"Desde Morado y Verde. 💚💜 nos invitan a las #jornadas sobre #decrecimiento #ecofeminismoUna oportunidad para introducirse y profundizar desde varias ópticas, en las realidades y propuestas que el sistema no quiere que conozcamos ni desarrollemos. Ahí nos vemos!!🔥🔥 https://t.co/utMgfBCuF7",0,0,NO,NO,0.877446029262363,0.12255397073763696,0.877446029262363,1
300186,es,"En el “Conversatorio con defensoras de la tierra” del próximo jueves 2 junio contaremos con Irma Ortiz, militante feminista, integrante y fundadora de @redlatmujeres 🌱♀️Se realizará por ZOOM a las 18:00 horas (hora española)¡Participa!👉🏿 https://t.co/47dPpZYPIn #ecofeminismo https://t.co/OMk9lH6aRi",0,0,NO,NO,0.7632416259276382,0.23675837407236178,0.7632416259276382,1
300187,es,Creo que un Diario laico publique un material de Educación afectivo sexual aprobado y recomendado por obispos y sociedad civil pro familia es un acontecimiento histórico y viene a darnos esperanza a todos. @PMunozIturrieta @AgustinLaje @Rios_Nacif @Antonio55745577 @MilvaGauto https://t.co/lepRyaP7PW,0,0,NO,NO,0.8408766043447437,0.15912339565525638,0.8408766043447437,1
300188,es,Los expertos aseguran que la educación afectivo-sexual es la clave para luchar contra la pornografía https://t.co/G6Oe0Nip1E,0,0,NO,NO,0.7290491623253129,0.27095083767468703,0.7290491623253129,1
300189,es,"Las universidades, preocupadas por los abusos sexuales entre los más jóvenesES LO QUE PASA CUANDO NO HAY, COMPROMISO Y EDUCACIÓN AFECTIVO SEXUAL DESDE MUY PEQUEÑOS Y EDUCACIÓN DEL BUEN TRATO https://t.co/EfcA2CKD6A",0,1,NO,YES,0.4393468237312541,0.5606531762687459,0.5606531762687459,0
300190,es,"""La ciencia la encarnan personas, hombres y SOBRE TODO MUJERES"".Si alguien dijese que la ciencia es cosa de mujeres y sobre todo de hombres, ardían las calles, pero al revés no pasa nada. Siempre poniendo a la mujer por encima.Y luego niegan que el feminismo es supremacista. https://t.co/p08xTKf4bR",1,1,YES,YES,0.26395732164382935,0.7360426783561707,0.7360426783561707,1
300191,es,"@Cristina_Coach @Dillita1 @lapropriaWinter @Alex_con_3X ¿Usted acaso vio a Ruiz Cortines saliendo a militar con movimientos feministas? Promulgó una ley que amparó un derecho para las mujeres, no era ningún feminista. Una cosa no tiene nada que ver con la otra. Usted es quien no entiende que el feminismo es un movimiento político.",0,1,NO,YES,0.3090417796944511,0.6909582203055489,0.6909582203055489,0
300192,es,@_LauraDiMarco Si el feminismo es liberar por qué solo habla por la mujer y no por todos los géneros?,1,1,YES,YES,0.3071783185005188,0.6928216814994812,0.6928216814994812,1
300193,es,siento q está embarazada hace 1 año https://t.co/pgPALfzhZs,0,0,NO,NO,0.7183576394106365,0.28164236058936354,0.7183576394106365,1
300194,es,Por qué todos los hombres cuando su novia o esposa está embarazada 🤰 andan más de culeros que de costumbre.,0,1,NO,YES,0.3167601024138958,0.6832398975861042,0.6832398975861042,0
300195,es,"Todos me dicen que estoy embarazada,  todo se me antoja,lloro por todo,me siento cansada , dolores de panza , y sobre todo la ansiedad . Nose si llorar o ir al médico del miedo jajajaaj",0,0,NO,NO,0.5816600918769836,0.41833990812301636,0.5816600918769836,1
300196,es,"Sector los Casabes , Iglesia Miga , mujeres gracias!!!! capacítate y emprende con Fumareva. Buscamos el empoderamiento femenino en negocios, adelante. https://t.co/oY0jkXfAHg",0,0,NO,NO,0.5384253263473511,0.4615746736526489,0.5384253263473511,1
300197,es,"Mi mamá quiere irse de vacaciones sin mi papá, se siente un olor a empoderamiento en esa casa",0,0,NO,NO,0.8053960800170898,0.19460391998291016,0.8053960800170898,1
300198,es,"Los abrazos seguirán prevaleciendo sobre los homicidios  dolosos que todos los días se cometen por los ""seres humanos"" privilegiados de López.A mayor debilidad del estado, mayor empoderamiento de los delincuentes. https://t.co/vvnXvX4Pa2",0,0,NO,NO,0.9263233360494675,0.07367666395053256,0.9263233360494675,1
300199,es,¿Qué tal si eres tú?La mujer de mi vida¿Qué tal si soy yo?El que encaje en tus días.,0,0,NO,NO,0.5218380404614235,0.4781619595385766,0.5218380404614235,1
300200,es,"@ElFikuWTF Tu nunca contagiaste los malos ánimos, tu siempre irradiaste nuestro día con tu presencia y en tus días buenos o malos siempre estuvimos ahí para ti, espero que te des un buen descanso, aquí te esperamos ❤️✨❤️✨❤️",0,0,NO,NO,0.9048494100570679,0.09515058994293213,0.9048494100570679,1
300201,es,@SilviaA69 En tus días malos te voy a querer el doble ❤️,0,0,NO,NO,0.7767280803160715,0.22327191968392848,0.7767280803160715,1
300202,es,@Kazucosowo Darte muy muy duro en esa ropita de enfermera y correrme en esa carita de pervertida 💖,1,0,YES,NO,0.6090717911720276,0.3909282088279724,0.6090717911720276,0
300203,es,@Isabeldiazc92 Ah claro porque ser enfermera no es un trabajo importante pero lo que hace ella si lo es...,0,0,NO,NO,0.5344884395599365,0.4655115604400635,0.5344884395599365,1
300204,es,Eso no eso no es nada...la única enfermera que manejo la camilla de. El galáctico..se llevó100 millones de dólares y nunca gano nada. https://t.co/kFIcC3nzCF https://t.co/OsE0YIdECT,0,0,NO,NO,0.8567268252372742,0.14327317476272583,0.8567268252372742,1
300205,es,"De verdad, no logro entender a las mujeres que están en contra del movimiento, hermanas. Esto también es por ustedes, por sus hijas, sus nietas, peleamos por todas, para que ya no falte ni una.",1,1,YES,YES,0.24876572940451713,0.7512342705954829,0.7512342705954829,1
300206,es,"@soyeldegafitas @Alex_Marimba @dalzate @latrophie https://t.co/jjeX7Y5magAnalicemos la originalidad de las lineas:1) Entender a las mujeres. Trillado2) Aguacate maduro: Trilla3) Cilantro por perenjil: es hasta un meme4) Lecha entera5) La abuelita pasa plata como pasando droga es un meme6) Mascotas: original, sinsentido",0,1,NO,YES,0.27936798334121704,0.720632016658783,0.720632016658783,0
300207,es,"@nabellalucia No joda yo tengo como 5 mejores amigas y de pana nunca nos hemos comido. Ella son sabiduría pura para entender a las mujeres, nos enseñan trucos para conquistar y evitar peos.",0,1,NO,YES,0.24743988372564663,0.7525601162743534,0.7525601162743534,0
300208,es,@felipekast @camilaemiliasv En total delirio esta tipa quiere legalizar el terrorismo. ¿Y esta escoria quiere definir los destinos de Chile? Permitirlo es de anti chilenos.,1,0,YES,NO,0.7448645830154419,0.2551354169845581,0.7448645830154419,0
300209,es,"@tatisabini Cual la fascinación de ustedes por asesinos, ladrones y dictadores? 🤔No habla mal de ellos que son escoria, pero habla muy mal de ustedes sus seguidores: gente resentida, mediocre, sin rumbo que necesita de un líder de pacotilla.",0,0,NO,NO,0.8713884353637695,0.12861156463623047,0.8713884353637695,1
300210,es,@TiranicidioYa @AlertaNews24 Hey más respeto a las prostitutas esos tipos solo son escoria,1,1,YES,YES,0.16722166538238525,0.8327783346176147,0.8327783346176147,1
300211,es,"@facha_hours Traducción de su gilipollismo: ""La gente está teniendo más libertad y capacidad introspectiva suficiente para decidir quienes quieren ser pero yo no salgo del estereotipo de paleto con gorra y eso me molesta""",0,0,NO,NO,0.6450092600283247,0.3549907399716753,0.6450092600283247,1
300212,es,"@Eganbernal Que decepción este man. Pero bueno sea un estereotipo o no, dicen que los deportistas son brutos, y pues...",0,0,NO,NO,0.5928376736391284,0.40716232636087163,0.5928376736391284,1
300213,es,"Yo se que el estereotipo de chaval que usa una espada más grande que él es muy poco realista pero y lo cool que queda qué pasa, eh, como justificas eso",0,0,NO,NO,0.6249602660560449,0.37503973394395507,0.6249602660560449,1
300214,es,@soyyokarim11 @Joeluscommunis Lelos como tú que se piensan que los dibujos animados de hace 40 años están hechos para promocionar estereotipos de género,0,0,NO,NO,0.6004360676071684,0.3995639323928316,0.6004360676071684,1
300215,es,@ParticipaH no no es si solo es cuando no te apegas a los estereotipos de género,0,0,NO,NO,0.6091769933700562,0.39082300662994385,0.6091769933700562,1
300216,es,Chico rompiendo estereotipos de género y jugando al Persona con arcade stick https://t.co/JzvppUUwQP,0,0,NO,NO,0.580574477876754,0.4194255221232461,0.580574477876754,1
300217,es,Epa @PetroDivisa tu mente es demasiado estrecha y repleta de estiércol para que puedas negar que eres un comemierda. https://t.co/mFMDLFLuFG,0,1,NO,YES,0.4904410990941197,0.5095589009058803,0.5095589009058803,0
300218,es,"@HectorICharles Si piensas que es de gente buena vs gente mala, qué mentalidad tan estrecha tienes.",0,0,NO,NO,0.7460120542649047,0.2539879457350953,0.7460120542649047,1
300219,es,"@Orwelliano6 Existe una relación muy estrecha entre los kurdos e Israel, especialmente con los del Kurdistán iraquí. Ellos son nuestros principales proveedores de petróleo y nosotros, además de brindarles apoyo político en la arena internacional, somos su principal proveedor de inteligencia.",0,0,NO,NO,0.9485142266322457,0.05148577336775427,0.9485142266322457,1
300220,es,"👉🏼Corrección: La @UESoficial, pese que es una institución pública, no cuenta con Unidad de Género. La instancia a la que señalamos de inacción es el Centro de Estudios de Género.",1,0,YES,NO,0.8682383040118723,0.1317616959881277,0.8682383040118723,0
300221,es,Hola! Dejo por acá el link al cuestionario para mi investigación sobre uso de apps de citas para mi Trabajo Final del Máster de Estudios de Género en la Universidad Complutense de Madrid: https://t.co/oRGJ78Reqi  (sigue),0,0,NO,NO,0.8707678318023682,0.12923216819763184,0.8707678318023682,1
300222,es,"@JACrespo1 Ellos se dedicaban a cosas más relevantes, no a estudios de género y razas, con todo respeto.",0,0,NO,NO,0.6836812292432418,0.3163187707567581,0.6836812292432418,1
300223,es,"@lorenmontalvo Depende si te refieres a identidad de género, sexo biológico ,o expresión de género. Fajese a estudiar antes de apoyar sectores que sólo escupen ignorancia.",1,0,YES,NO,0.7018363894126647,0.29816361058733526,0.7018363894126647,0
300224,es,"Se tiene que dejar de premiar la masculinidad, aparte, el programa va sobre el talento de las drags, no sobre la expresión de genero de nadie, el pit crew es secundario y es que ni eso https://t.co/myKBDfDlph",1,0,YES,NO,0.5424076318740845,0.4575923681259155,0.5424076318740845,0
300225,es,"✏️Las principales demandas de este año son la derogación del artículo 365 del Código Penal, la reforma a la Ley Antidiscriminación y el cese de toda violencia en razón de la orientación sexual, identidad y/o expresión de género. @Movilh @IgualesChile  https://t.co/Ut46kYjGby",0,0,NO,NO,0.6819336211105101,0.3180663788894898,0.6819336211105101,1
300226,es,"Es de sabios reconocer las derrotas eso no quiere decir que siga teniendo la frente muy alta, la lengua muy larga y la falda muy corta (Gracias maestro Sabina) #BuenosDías 😂😂😂 https://t.co/DsclRsZJIk",0,1,NO,YES,0.34972759185597846,0.6502724081440215,0.6502724081440215,0
300227,es,"@CalleFacha @martamarcomm Con esa manera cavernícola de pensar, solo te falta decir que la culpa es de ella por llevar la falda muy corta o por ser guapa... qué vergüenza ajena, defendiendo a los babosos y acosadores",1,1,YES,YES,0.21869337558746338,0.7813066244125366,0.7813066244125366,1
300228,es,"@GamusinoComun @fammi_ridere No te van a condenar por violar a una mujer…no tengas miedo, las violaciones se pueden comprobar, y ya te digo, si eres padre de una niña, te dejará mas tranquilo saber que existe esta ley y no que encima la culpa sea de tu hija que llevaba la falda muy corta….",1,1,YES,YES,0.19661778211593628,0.8033822178840637,0.8033822178840637,1
300229,es,"@Call_Me_FerB @CubaBella13 Si alguien es gay o lo que sea, pues bien. Pero si es gay y se va a pintar los labios, ponerse falda o etc porque se siente mujer. No lo quiero que eduque a mi hijo. Como no quisiera a una mujer que por sentirse más mujer que nadie vista con súper minifaldas, con hilo, etc.",1,1,YES,YES,0.1913511271089987,0.8086488728910013,0.8086488728910013,1
300230,es,ya conseguí mi hoddie ahora afalta la falda y voy a ser la mujer más feliz en el mundo,0,1,NO,YES,0.4015314043937389,0.5984685956062611,0.5984685956062611,0
300231,es,"Soy ingeniera civil y vengo con short, falda, jeans rotos y crop top a trabajar, y todo normal, no me queda mejor el diseño si vengo de traje https://t.co/gbnnZuyS3c",1,1,YES,YES,0.45206079172725727,0.5479392082727428,0.5479392082727428,1
300232,es,Esperan que una diga: estuvo tremenda!! Cuando es de mentes de 15cm y más bien delgada :/El daño que les hace el falocentrismo... ¡pero a nosotras las que jamás sabremos qué contestar!🥲,1,1,YES,YES,0.3386591672897339,0.6613408327102661,0.6613408327102661,1
300233,es,Ojalá algún día llegue en dónde la vigorexia en los varones se haga tan viral al igual que los TCA restantes y el falocentrismo u.u,1,1,YES,YES,0.4915738105773926,0.5084261894226074,0.5084261894226074,1
300234,es,"Jajajaja… claro que tiene una relación directa el homoerotismo con el patriarcado, porque son permitidas Y ESPERADAS las muestras de afecto entre hombres, a diferencia de las demostradas hacia la pareja mujer.Porque el orgullo de mostrar sus penes, enmarca el falocentrismo. https://t.co/eod83VltZD",1,1,YES,YES,0.3605285501795143,0.6394714498204856,0.6394714498204856,1
300235,es,@exexmodo Creo que mejor auténtico desconcertado que falso aliado,0,0,NO,NO,0.8342324619625876,0.16576753803741243,0.8342324619625876,1
300236,es,"@OscarOnt_ Lo de ""señoras"" es bastante machista. Me das mucho asco FALSO ALIADO DETECTADO!!!!",1,1,YES,YES,0.202978444055044,0.797021555944956,0.797021555944956,1
300237,es,"@LadyAkhbar Hasta a mi que soy un homófobo y un falso aliado, además de un iletrado en el tema trans, me resulta tránsfobo y de vergüenza ajena leer eso",1,0,YES,NO,0.5435664653778076,0.4564335346221924,0.5435664653778076,0
300238,es,"Gente me metieron en el grupo de la familia de mi novia y estan subiendo fotos con camisetas de fico, quién me pasa stickers de Petro y las mando D1!",0,0,NO,NO,0.7464253679983208,0.2535746320016792,0.7464253679983208,1
300239,es,"Dalcio tiene problemas de salud... rechazó la oferta de Rangers dónde es muy querido.. justamente por lo mismo, está en Argentina con su familia. https://t.co/A1ewDEVLjY",0,0,NO,NO,0.9349818229675293,0.0650181770324707,0.9349818229675293,1
300240,es,@QuiqueGodoy Jajajajaja Cínico de pacotilla. Vos y tu familia se han hartado del hueveo al erario por generaciones y ahora salís haciéndote el virgencito.,0,0,NO,NO,0.5175127520400805,0.48248724795991943,0.5175127520400805,1
300241,es,Vamos por la mitad pero desde ya estoy pasándola fea como si fuera fin de semestre🫠,0,0,NO,NO,0.618437647819519,0.38156235218048096,0.618437647819519,1
300242,es,"@ghitis @MariaFdaCabal Barranquilla, esto si es arte del bueno, fea resentida van a perder con la ayuda de Dios https://t.co/MbaqZd33Ui",1,0,YES,NO,0.840144565114055,0.159855434885945,0.840144565114055,0
300243,es,Ando mas relajado que papá con hija fea por que no salgo en estos tik toks😮‍💨,1,1,YES,YES,0.4582719479961364,0.5417280520038635,0.5417280520038635,1
300244,es,"@ignaciadepano @maiterico Toda una lección de una mujer a una feminazi, aunque dudo que esta la entienda, pues sus entendederas son muy limitadas",1,1,YES,YES,0.20057129859924316,0.7994287014007568,0.7994287014007568,1
300245,es,@rosaa_yo @ZonaDeportesMX4 @Alex_con_3X @jpv1_mx16 @UniformesSelec1 @DobleUppercut @JosCamA3 @CualquieraMujer @Cualquieraonvre @IgorWilbury @IngelmoLaura No fue por Feminazi?,1,1,YES,YES,0.42811371600289,0.5718862839971101,0.5718862839971101,1
300246,es,@Danielriechu Todavía me acuerdo de crack que contesto a la feminazi random de twitter que nadie sabrá quien es la vida nunca mientras maradona siempre sera recordado https://t.co/oW2sRgSqt5,1,1,YES,YES,0.28547040906724874,0.7145295909327513,0.7145295909327513,1
300247,es,"@MovCiudadanoNL El Fiscal Guerrero tiene razón,la @FiscaliaNL es la responsable de investigar los delitos feminicidio, desaparicion,etc.:y el gobernador @samuel_garcias es el responsable de garantizar q estos hechos NO sucedan,pues por mandato de ley es el responsable de nuestra seguridad.",1,1,YES,YES,0.3660876154899597,0.6339123845100403,0.6339123845100403,1
300248,es,Me siento súper conmovida porque en el pueblo de donde yo soy ocurrió el primer feminicidio y era prácticamente una niña estudiaba aún en bachillerato. Se siente mas impactante cuando vez como quedan💔💔💔 que miedo ser mujer😢,1,1,YES,YES,0.23648361076365743,0.7635163892363426,0.7635163892363426,1
300249,es,"#MetroBusCDMX ESTACIÓN #MatrixTelevisionMx de la linea 4 de @MetrobusCDMX  Servicio Metro Hidalgo - #MetroPantitlan #JusticiaParaXochitl #NiUnaMásLa historia de Xochitl, sobreviviente de feminicidio en el INFIERNO del Establo de México https://t.co/Xpmhi8UiP9 #MediosPublicos 👽",0,1,NO,YES,0.4673434813413929,0.5326565186586071,0.5326565186586071,0
300250,es,"@Sudameris000 Pero lo que quiero enfatizar es que esa parte del relato es más para los culposos palermitanos, y no para el grueso de votantes.Y que ya pasó de moda, de hecho, ahora están con el feminismo, el lenguaje inclusivo y todo eso. ""La dictadura"" ya pasó de moda.",1,1,YES,YES,0.4400300979614258,0.5599699020385742,0.5599699020385742,1
300251,es,#Feminismo#VindicamosPara ver más sobre la Historia de las Mujeres:https://t.co/XwfmTmrCp6,0,1,NO,YES,0.4882924404231441,0.5117075595768559,0.5117075595768559,0
300252,es,"Unas ganas de echarle desengrasante a ver si así se le quita es grasa del pelo, q me perdone el feminismo pero q tipa que me da rechazo",1,1,YES,YES,0.2381519306256792,0.7618480693743208,0.7618480693743208,1
300253,es,katy hoy tuvo que taparle la cara a la bebe para que no le saquen foto los paps y ustedes suben esas fotos 💀,0,0,NO,NO,0.6827633380889893,0.31723666191101074,0.6827633380889893,1
300254,es,"@tzitzisantillan AMLO no puede ver ni en foto a Calderón, te has preguntado por qué en 3 años y medio de gobierno no le ha pedido al fiscal GERTZ experto en poner gente inocente en la cárcel que investigue a Calderón. Será que Calderón tiene pacto de impunidad con el ASQUEROSO MACUSPANO ?",0,0,NO,NO,0.8652627081306559,0.1347372918693442,0.8652627081306559,1
300255,es,@Juancamilorpog @seguridadmed Hagan como si supieran hacer algo.*Foto*,0,0,NO,NO,0.7111904833075549,0.2888095166924452,0.7111904833075549,1
300256,es,"@Ariela_G_ @tutefunado En ig tenés la misma foto y tantas otras tan vomitivas como la de perfil. Esta axila peludita con olor a hombre a macho del ""interior"" le hizo ver el cielo a más de una frígida como vos, pero eso sí, cultas, porque a vos, no te tocaría ni con un palo!!!",1,1,YES,YES,0.25666773319244385,0.7433322668075562,0.7433322668075562,1
300257,es,"Si me tomase en serio todo lo que me dicen en redes tendría un cacao identitario importante: racista, homófoba, amante de los gatos, frígida, pajera compulsiva, maniacodepresiva y alcohólica, cuarentona, gordófoba, podemita. Joder, soy un cuadro de persona.",0,1,NO,YES,0.3536505699157715,0.6463494300842285,0.6463494300842285,0
300258,es,@angelesisi @AngeldebritoOk A todas seguramente...pero por lo menos tendría una cara de felicidad!!! no de una frígida cara de concha! déjate de joderrr!! es una infeliz ese parásito!,1,0,YES,NO,0.630596935749054,0.36940306425094604,0.630596935749054,0
300259,es,@EduAguirre7 Periodismo de pandereta y voceros sin indocumentados... ahora viene el despecho...jajajajajajaja..no me quieres..te llamo golfa. https://t.co/ExFHtP1KgF,1,1,YES,YES,0.3379257119938307,0.6620742880061693,0.6620742880061693,1
300260,es,Ojo que ahora tenemos la sesión golfa con Sir Andy Murray jefe @TennisChannels,0,0,NO,NO,0.8585030096323195,0.14149699036768051,0.8585030096323195,1
300261,es,@SBenitezMaria Seguro que si! Siendo golfa y valiente como para no estarlo!,1,1,YES,YES,0.22638692777195787,0.7736130722280421,0.7736130722280421,1
300262,es,Han tenido el bonito sentimiento de golpear tanto a tu hermano?Conmigo es diario.,0,0,NO,NO,0.7452123831402406,0.2547876168597594,0.7452123831402406,1
300263,es,"@DoctorSITHo vengaaa, no os quejéis que si llega a perder el Madrid en el último minuto, estaríais llenos de infartitos, manos rotas por golpear paredes y algún que otro coma etílico...bueno estos dentro de 2 horas irán llegando.",0,0,NO,NO,0.876612312172445,0.12338768782755499,0.876612312172445,1
300264,es,"Janelle Monáesiempre SIEMPRE se ve increíble.me encanta el vestido, no me encanta lo de la cabeza tbh, que bueno que el labial es rojo si no iba a ir a golpear a alguien8.8/10 https://t.co/oG0bA7x8H8",0,0,NO,NO,0.6775163210178518,0.3224836789821482,0.6775163210178518,1
300265,es,"#Boca Juniors goleó 3-0 a #Tigre y se consagró campeón de la Copa de la Liga Profesional. El #Xeneize golpeó en los momentos justos en #Córdoba y se impuso gracias a los goles de Marcos #Rojo, Frank #Fabra y Luis #Vázquez. Así, se quedó con el primer título local de 2022.",0,0,NO,NO,0.978798734860061,0.021201265139939064,0.978798734860061,1
300266,es,"@MexaSK8 @RicardoGucetti @LaColoniaJuarez @Taquearte @LaRomaDF @OHarfuch @Comitejuarez @C5_CDMX @UCS_GCDMX @SSC_CDMX @SSaludCdMx @OVIALCDMX @CDMX_SIBISO @AlcCuauhtemocMx @lajuarezDF @DTJSR_AlcCuau Agreden sin ninguna razón. A mi amiga, una señora indigente la golpeó sin razón. Pasamos junto a ella, estábamos platicando, y sin razón alguna le dio un gran golpe en el pecho. Luego, empezó a gritar y manotear.",1,0,YES,NO,0.5154525348813852,0.48454746511861474,0.5154525348813852,0
300267,es,#Basta es tendencia desde el viernes cuando Cacero golpeó la mesa a #Majul,0,0,NO,NO,0.8576450347900391,0.14235496520996094,0.8576450347900391,1
300268,es,@BotR4N @LeGaster1 XDNo te burles de mi gorda https://t.co/IZe6oRiN52,1,1,YES,YES,0.31419871193762755,0.6858012880623724,0.6858012880623724,1
300269,es,Como será el estado de mi papá que llego y le dijo a mi mamá -Gorda sos el amor de mi vida Na si yo los amo JAJAJAJ,0,0,NO,NO,0.8107754475340514,0.1892245524659486,0.8107754475340514,1
300270,es,"@Maria_Marione influencer gorda tiene que ser activista?  No que sea malo ser activista, obviamente, pero es porque no sigue un patrón de imagen, tiene que pelear por un espacio que otros ya lo tienen garantizado. O las marcas, que hasta el día de hoy hacen tallas imposibles. Que ponen G",1,0,YES,NO,0.6487723379595481,0.35122766204045186,0.6487723379595481,0
300271,es,"NO INSULTES“0,2 segundos despues” PEDAZO GUARRA PUTA VAGA GILIPOLLAS https://t.co/4p9PrDvCuU",1,1,YES,YES,0.41604474687309584,0.5839552531269042,0.5839552531269042,1
300272,es,@Erikatxupa erika guarra sabemos q quieres enseñar tu cuerpazo pero eso no es un selfie,1,1,YES,YES,0.4808530807495117,0.5191469192504883,0.5191469192504883,1
300273,es,"@late_cod @ThreeGhidora Pero q tono we, o asi lo pides con doña pelos, ""ola vieja guarra, deme un tinte rojo"" o como",1,1,YES,YES,0.29609882831573486,0.7039011716842651,0.7039011716842651,1
300274,es,"@pastordc3110 En los 90s Kevin Kline hizo una película en la que su personaje le entró al quite como doble y remplazo del presidente de EE.UU., la diferencia que ahi no tuvo que cambiar de género. ""Dave"" se llama la película.",0,0,NO,NO,0.800822377204895,0.19917762279510498,0.800822377204895,1
300275,es,David: Bisexual y dentro del espectro no binarie / género no conforme León: Arromántico asexual Matilde: Lesbiana Adela: Bisexual Guadalupe: género fluido / identidad fluida,0,0,NO,NO,0.5951560735702515,0.40484392642974854,0.5951560735702515,1
300276,es,"#Escándalo El delantero colombiano  había sido denunciado en 2020 por su expareja, Daniela Cortés, y el fiscal de la causa pidió una sanción que complicaría mucho al futbolista. Toda la info, en la nota. #Boca #Villa # Violenciahttps://t.co/uDs54DVluQ",0,0,NO,NO,0.7530467398010681,0.246953260198932,0.7530467398010681,1
300277,es,@EtereoEl Otra fascista censuradora que no deja contestar en el tweet.Que su vivencia es el referente y todo ha de ser exclusivamente como ella expone.Que habla y piensa por l@s demás.Hembrismo supremacista enfermizo y totalitario.,1,0,YES,NO,0.6178707892337206,0.38212921076627937,0.6178707892337206,0
300278,es,Empoderamiento o hembrismo en los años 60s 🥴🥴 https://t.co/QBXeAxWXBz,1,0,YES,NO,0.5089473724365234,0.49105262756347656,0.5089473724365234,0
300279,es,"@IreneMontero No es machismo, señora. Son asesinatos, métaselo bien en esa cabecita: asesinatos, como tantos que se cometen en España y en todo el mundo. ¿Vamos a decir que los 3256 hombres asesinados en los últimos días son víctimas del hembrismo, porque eran potenciales agresores de mujeres?",1,1,YES,YES,0.18001552730868134,0.8199844726913187,0.8199844726913187,1
300280,es,"@Javicortes_VOX @agarzon Lo ancho pa'mí , y lo estrecho pa'tí .......(ideario comunista)",0,0,NO,NO,0.7999692082400502,0.2000307917599498,0.7999692082400502,1
300281,es,@PaulLeon2179 @javier_penares @VLADIMIR_CERRON @rojas_cerron @SuneduPeru @kellyportalati2 @MariaAguerogut1 @MargotPalaciosH @katy_ugarte @WilsonRusbel @JaimeQuito6 @PERU_LIBRE1 El ideario lo leí y es pura basura comunista.,0,0,NO,NO,0.6881239414215088,0.3118760585784912,0.6881239414215088,1
300282,es,"@Uecomva @Maria78816166 @isaac_vivancos @Herzogoff De la misma forma que les va muy bien  UK, Suecia, Noruega, Holanda, Dinamarca o Japón que si tienen esa figura, el que fijó  no es imparcial es un presidente que es elegido por su ideario político...",0,0,NO,NO,0.8764304396455375,0.12356956035446254,0.8764304396455375,1
300283,es,"❤️ Toda mujer tiene derecho a vivir una vida digna, saludable, con igualdad de oportunidades y sin violencias ❤️📆 Acordate: MAÑANA 28 de mayo a las 11hs por nuestro Instagram https://t.co/KeOpGC7dIM#saluddelamujer #enefemride #instagramlive #experienciainspire #saludymujer https://t.co/dH1crgwLBz",0,0,NO,NO,0.678233425511922,0.32176657448807805,0.678233425511922,1
300284,es,"La ideologización de la instrucción pública.""La educación pública española ha dejado de constituir un ascensor social capaz de garantizar la igualdad de oportunidades al margen del lugar de nacimiento o de los recursos familiares del alumno""@IvanVelez72https://t.co/opbDMMQTiz",0,0,NO,NO,0.8676043073895161,0.13239569261048392,0.8676043073895161,1
300285,es,"@juventud_na El objetivo del @gob_na es ""mantener y atraer a la población joven a nuestros pueblos, cualquier persona debe poder desarrollar su proyecto de vida en igualdad de oportunidades""@juventud_na #Navarra https://t.co/wLAZfkXwkx",0,0,NO,NO,0.8878668877432826,0.11213311225671739,0.8878668877432826,1
300286,es,"@darwingonzalezp @UEenVenezuela @tupais_plural @NLinVenezuela @ConsEspCaracas Que ridiculez, ese deseo desesperado de sobresalir siempre, si quieren hablar de igualdad que dejen de darle tratos especiales, o es que hay que poner bandera de todas las tendencias, creencias, etc.Por Dios se acepta, se respeta pero no hay que rendirle pleitesía, basta",0,0,NO,NO,0.684379656053802,0.315620343946198,0.684379656053802,1
300287,es,"🙌🏼 Cuidar en igualdad 👉🏼Nos estamos preparando para el #ParlamentodeCuidados y es por eso que nos reunimos a problematizar y debatir los #Cuidados en personas mayores, personas con discapacidad e infancias, adolescencias y juventudes. @MinSaludMza @MinGenerosAR https://t.co/fmzSngyubm",0,0,NO,NO,0.9091058779853229,0.09089412201467702,0.9091058779853229,1
300288,es,"Mujer, pero que ella jamás lo permitió, que alega igualdad con su padre y se revelaba ante su machismo, me contó que amaba vestirse de pantalón, pans y maquillarse, hacer deporte, jugar y que por eso le decían ""machorra"" pero que jamás le importo, que ella era libre y le gustaba",1,1,YES,YES,0.1633610974740655,0.8366389025259345,0.8366389025259345,1
300289,es,@pablo_majluf La reacción de estos personajes (incluída Denisse) prueba que les pegaste dónde duele: el cheque. Ella incluso mencionó que es lo que imparte a sus estudiantes en las escuelas de élite en las que enseña. Que nadie les toque el negocito de la desigualdología e interseccionalidad.,0,0,NO,NO,0.7630832563911898,0.2369167436088102,0.7630832563911898,1
300290,es,Deberíamos salir de nuestra posición privilegiada y analizar el fenómeno desde otras perspectivas. Para lograr un feminismo que implique interseccionalidad real y nos incluya a todas.,1,0,YES,NO,0.6115138166240563,0.3884861833759437,0.6115138166240563,0
300291,es,Si tu revolución no reconoce la interseccionalidad y el hecho de que la exclusión no ha sido uniforme sino que ha sido más profunda dependiendo de otros motivos como el género o color de piel no la quiero,1,0,YES,NO,0.7780230773673608,0.22197692263263924,0.7780230773673608,0
300292,es,"@WillyTolerdoo @MeerRocio Yo es que soy “masculinista”, que creo en la igualdad entre hombres y mujeres. Como el feminismo pero cambiando el nombre",1,1,YES,YES,0.3995396733009621,0.6004603266990379,0.6004603266990379,1
300293,es,"@carolina_rocha_ Disfraz de líder y precursor de la igualdad entre la naciones, hipócrita y estúpido son tener menor noticia de lo que significa la diplomacia, esta del lado de los dictadores al abogar por ellos y periodistas chiquitos como tú, no bueno, pan y circo",0,0,NO,NO,0.8434297442436218,0.15657025575637817,0.8434297442436218,1
300294,es,@PSOE @Adrilastra La igualdad entre vosotros sí que es cierta todos ganáis unos buenos sueldos demasiado según mi opinión la justicia para reírse vamos para reírse con los sindicatos bien subvencionados y vuestros principios ya sabemos todos cuáles son Éstos según mi opinión y lo que veo👎👎👎👎👎 https://t.co/ISCVEgzcpt,0,0,NO,NO,0.8567641419741617,0.1432358580258383,0.8567641419741617,1
300295,es,"@SoyValen_OK @pasantemossad La especie humana tiene una dimensión biológica y una dimensión cultural. Negar la dimensión cultural nos hace iguales a los animales, pero no por eso está suprimida la dimensión biológica. PD: la mayoría de las mujeres tmb miran, pero son más disimuladas.",1,1,YES,YES,0.4572713213345802,0.5427286786654197,0.5427286786654197,1
300296,es,"@AliciaTsMn2 Empecé a trabajar a los 17 años, me jubile a los 62 tuve problemas como la mayoría de las mujeres, pero nunca me impidieron dejar de trabajar, y si alguna mujer no puede ciertos días el médico es el q se encarga de darle la baja, no porque lo diga esta indocumentada,impresentable",1,1,YES,YES,0.3179856538772583,0.6820143461227417,0.6820143461227417,1
300297,es,"No inventes psicologista. Si todos los hombres buscaran solo un cuerpo perfecto, la mayoría de las mujeres moriría virgen.",1,1,YES,YES,0.2679678201675415,0.7320321798324585,0.7320321798324585,1
300298,es,"@cotimoreno Real. La frase ""la mujeres no pueden trabajar juntas"" es acuñada por hombres.  Porque juntas somos invencibles",1,1,YES,YES,0.2269089452353434,0.7730910547646566,0.7730910547646566,1
300299,es,"@Diamalware @tuyomiespiritu La mujeres no pueden ser protectoras porque, por regla general, son más débiles físicamente que los hombres. Que algunas ""mujeras"" se traguen la propaganda globalista demuestra que su coeficiente intelectual está cerca de 80.",1,1,YES,YES,0.21425113720450215,0.7857488627954978,0.7857488627954978,1
300300,es,"📢 Un estereotipo tradicional de género es:❌Las mujeres son débiles, los hombres son fuertes❌Los hombres no lloran, las mujeres si. ❌El varón es el líder de la familia ❌La mujeres no pueden tomar decisiones sin consultar a su marido, etc. 🤦‍♂️ 🧵👇10/18 https://t.co/GjiTIraVug",1,1,YES,YES,0.21035709350236972,0.7896429064976302,0.7896429064976302,1
300301,es,"@jenarovillamil @axxelavalos @LillyTellez No esperaba nada de ese reptil @LillyTellez es una lagartona, inhumana, insensible, incapaz de pensar en el prójimo. Se comporta como serpiente 🐍🐍.Pero ya viene el 🦅 Águila 🦅, como en la Bandera 🇲🇽, a posarse sobre su reptil y rastrero cuerpo y devorarla.",1,1,YES,YES,0.4001716375350952,0.5998283624649048,0.5998283624649048,1
300302,es,@MarielenaLoV Coordinaré una noche de chiches con tu vecina la lagartona. Jalas a dicha experiencia? @Roomms estás invitada neni,1,1,YES,YES,0.3968493342399597,0.6031506657600403,0.6031506657600403,1
300303,es,Me perdonas pero hay mucha lagartona que me quiere bajar a mi CasiNovio tuitero.😒😑💔 https://t.co/pxY2b18iiw,1,1,YES,YES,0.3099661675105641,0.690033832489436,0.690033832489436,1
300304,es,Fuimos a las picadas y las chicas no pueden estar sin discutir jajajajjaja https://t.co/fKXClyA2No,1,1,YES,YES,0.3046962022781372,0.6953037977218628,0.6953037977218628,1
300305,es,"¿Todavía hay gente que piensa que las chicas no pueden? ¿Que te paso en el brazo, por cierto? Hm...talvez más https://t.co/IjklzU6qHh",1,1,YES,YES,0.2632424611819524,0.7367575388180476,0.7367575388180476,1
300306,es,Sra @IdiazAyuso Se acabo la Libertad en Madrid?Ha revisar librossss?Las chicas no pueden salir solas porque usted lo ve malDonde está la Libertad Señora ?,1,0,YES,NO,0.6566104292869568,0.3433895707130432,0.6566104292869568,0
300307,es,"@clauscastillo03 @rojasarami_ @fabsruizdiaz Hay que hablar, porque o sino hay gente cómo esta que se hace el imbecil y sigue con este tipo de cosas. Como dicen las feministas “no es no”.",1,1,YES,YES,0.2415497076973232,0.7584502923026768,0.7584502923026768,1
300308,es,"@Guadalu47078163 @Irapuatofem Uh qué la chingada, ¿no dice el imbécil @lopezobrador_ que las feministas que se manifiestan son las fascistas?",1,1,YES,YES,0.20353326808015312,0.7964667319198468,0.7964667319198468,1
300309,es,A las feministas solo les faltaría Torquemada de lider para vivir en su mundo maravilloso.....😳😳😂😂😂😂😂https://t.co/HSJ8Lpdnhr a través de @diariosur,1,1,YES,YES,0.2437194585800171,0.7562805414199829,0.7562805414199829,1
300310,es,@tuyomiespiritu A las mujeres de hoy en día no les gusta eso… he pasado malos ratos por ser así,0,1,NO,YES,0.21434881644401502,0.785651183555985,0.785651183555985,0
300311,es,"Victoria Beckham: ""Las mujeres de hoy en día quieren lucir curvas, tener pecho y trasero"" https://t.co/yJuF8Pl4GO https://t.co/I7xu3ZtTd7",1,1,YES,YES,0.16307350232035678,0.8369264976796432,0.8369264976796432,1
300312,es,"Solo cambia mujer por hombre y tienes al 75% de las mujeres de hoy en día, que? que pasa? que? Callate🤫 https://t.co/Jy85uX8V0u",1,1,YES,YES,0.22088625368814904,0.7791137463118509,0.7791137463118509,1
300313,es,@ricardorincon2 Pues no es muy poco machista de su parte decir que las mujeres no deben ocupar cargos y deben quedarse en la casa. 😒,1,1,YES,YES,0.13996803760528564,0.8600319623947144,0.8600319623947144,1
300314,es,"El profe de economía tiro hace un par de clases atrás: (hablando de productos de limpieza) las que deben saber bastante sobre esto son las mujeres 🤣, y ayer (hablando de fútbol) las mujeres no deben entender de los que estamos hablando 🤣🤣. Desconstruite un poco hermano 🤦",1,1,YES,YES,0.250933788688964,0.749066211311036,0.749066211311036,1
300315,es,"@IreneMontero @IreneMontero, efectivamente.. las mujeres no deben de ser discriminadas salarialmente por pertenecer a cuerpos policiales de otras comunidades, localidades, etc.",0,1,NO,YES,0.23080935386391419,0.7691906461360858,0.7691906461360858,0
300316,es,"Las mujeres no deberían programar, pero fue Ada Lovelace, una mujer, la que creó el primer algoritmo para ser procesado por una máquina. Es decir, fue una mujer la que creó el concepto de programar en una computadora. https://t.co/qWWrzrV0KR",1,1,YES,YES,0.3530825972557068,0.6469174027442932,0.6469174027442932,1
300317,es,Lo mejor que ha pasado en mi vida es un gilipollas hablando de que las mujeres no deberían tomarse enserio de ir al gimnasio y por ende mi TL se llena de mujeres enseñando sus músculos osea que maravilla de día.,1,1,YES,YES,0.21778728908934328,0.7822127109106567,0.7822127109106567,1
300318,es,"@Maria_RuizG1 Ojalá no vote, porque las mujeres no deberían votar :) que se quede ella en la casa entonces",1,1,YES,YES,0.21645801091876643,0.7835419890812336,0.7835419890812336,1
300319,es,"Miren, miren, que chistoso, las mujeres no saben manejar, jajaja, que chistoso https://t.co/byo6E71nhC",1,1,YES,YES,0.13940258947324408,0.8605974105267559,0.8605974105267559,1
300320,es,hombres quejándose de que las mujeres no saben cocinar: sin saber cocinar,1,1,YES,YES,0.1234919355218449,0.8765080644781551,0.8765080644781551,1
300321,es,"@benicawe @Atthenaiss Esoooooo, las mujeres no saben nada, SOOOOMOOOO LA MITAD MAS UNOOOO, TE LA METEMOOOOS, POR EL CULOOOOOO.",1,1,YES,YES,0.1980433464050293,0.8019566535949707,0.8019566535949707,1
300322,es,"@Helen_de_troya Las mujeres son de venus, los hombres de marte; no habían cerrado ya ese antro (por biologicista y obsoleto)?",0,1,NO,YES,0.301835298538208,0.698164701461792,0.698164701461792,0
300323,es,@eldiariodedross Otro ejemplo más de que no todas las mujeres son seres de luz.,1,1,YES,YES,0.2704576253890991,0.7295423746109009,0.7295423746109009,1
300324,es,@soy_la_mas_rude no pero es que las mujeres son como seres inalcanzables y solo me gustan lesbianas,1,1,YES,YES,0.12506282329559326,0.8749371767044067,0.8749371767044067,1
300325,es,"@ScphieBckett Ya lo sé tonta.—Dijo con tono cariñoso, como trataba a sus hermanos mientras giraba sobre sus propios pasos aún con las manos en el vestido. Caminaba hacia atrás con la sonrisa en alto, con un brillo que no auguraba nada nuevo.—Las señoritas no pueden hacer carreras(c)",1,1,YES,YES,0.3369823694229126,0.6630176305770874,0.6630176305770874,1
300326,es,"@CMIGRANA Jaja mi papá de pequeña me llevaba a camping, a jugar fútbol, a nadar al río, cosa que soy lo que llamarían tomboy, hasta en la ropa... Pero también pase por esa época de que las señoritas no hacen esto, pero tal cómo crecí ya no sabía exactamente qué era una ""señorita""",1,1,YES,YES,0.28126801736760243,0.7187319826323976,0.7187319826323976,1
300327,es,"@DanielSamperO @fdbedout Sigamos en este baño de sangre porq a las señoritas, no se les consiente ni se les puede controvertir. Critican de lo q sufren",1,1,YES,YES,0.33931507649078735,0.6606849235092126,0.6606849235092126,1
300328,es,El sentido común!Muy bien @AgustinLaje sobre el lenguaje inclusivo.#TerceraViaEsUnFracaso https://t.co/a5RMyhzrsm,0,0,NO,NO,0.8286245116181526,0.17137548838184738,0.8286245116181526,1
300329,es,@Dmunozc81 @KevinFelgueras @Marcemomo @ANDRESCELISM @24HorasTVN Que se metan bien adentro de la RA... su lenguaje inclusivo.,0,0,NO,NO,0.6931021213531494,0.3068978786468506,0.6931021213531494,1
300330,es,Mi profe de psicología social usa el lenguaje inclusivo 🙌🏼❤️,0,0,NO,NO,0.8786778115832153,0.12132218841678466,0.8786778115832153,1
300331,es,@clauxcm Clau a mi no me hagas luz de gas! justo bajando a casa de Andrea la última vez,0,0,NO,NO,0.800241231918335,0.19975876808166504,0.800241231918335,1
300332,es,@salvameoficial BRAVISIMO!!!Totalmente de acuerdo. Son peligrososos dos son iguales. Luz de gas con Rocio y luz de gas con el resto de nosotros. 🧙‍♀️👏⚘,0,0,NO,NO,0.8515538573265076,0.14844614267349243,0.8515538573265076,1
300333,es,@lvsyona_ JAJAJA le intentaba hacer luz de gas,0,0,NO,NO,0.6978379695963255,0.30216203040367456,0.6978379695963255,1
300334,es,@FerMengucci Desafortunadamente por cultura el machismo y sus inseguridades se reflejan en agresión y misoginia. Digan lo que quieran la realidad habla por sí misma. Me eduqué en un ambiente lleno de mujeres. Eso no me hace homosexual. Soy heterosexual con gran empatía hacia las mujeres.,0,1,NO,YES,0.24588350976207793,0.754116490237922,0.754116490237922,0
300335,es,"Les interesa que suba la estadística de machismo y violencia de género, para justificar sus políticas y vivir fastuosamente del cuento. No hay más. https://t.co/9OISNs4e3H",1,1,YES,YES,0.3673899988764524,0.6326100011235476,0.6326100011235476,1
300336,es,@FranciaMarquezM las mujeres hoy tienen la oportunidad de cambiar la historia. Todos los movimientos feministas deben elegir el cambio y votar en contra de la misogenia el machismo y la violencia. @petrogustavo presidente @FranciaMarquezM vicepresidente.,1,1,YES,YES,0.28312039375305176,0.7168796062469482,0.7168796062469482,1
300337,es,"@lorelaynm @janokalos @Cuaulbs @Fridamego Te aseguro que todas llevamos acabo estos “consejos”, ponerlos aquí y luego debatir la responsabilidad es solo una muestra del mansplaining. O sea ¿enserio creen que es la primera vez que una mujer escucha/lee esto?",1,1,YES,YES,0.2577552574203985,0.7422447425796015,0.7422447425796015,1
300338,es,"@CarlosHernanA Sido el pionero en involucrar y reconocer a las mujeres en la vida política de México… amigo, no es por nada pero no vengas a hacer mansplaining aquí. Saludes. Te presto mi tesis cuando quieras 🤠",1,1,YES,YES,0.3281444311141968,0.6718555688858032,0.6718555688858032,1
300339,es,@Ale80redes @Silvy60986925 @PereaConcha 💀💀💀 por qué tan intenso? Cuidado no le hagáis un Mansplaining,1,1,YES,YES,0.4412200783956004,0.5587799216043996,0.5587799216043996,1
300340,es,por q los manes se tienen q sentar con las piernas abiertaaas recógete amigo invades mi espacio manspreading en todo su esplendor,0,1,NO,YES,0.36672035654065865,0.6332796434593413,0.6332796434593413,0
300341,es,"Adoro las fotos pero están usando mal el término, el manspreading no es solo sentarse con las piernas abiertas. :/ https://t.co/EMrpmRrSdD",0,1,NO,YES,0.3595163822174072,0.6404836177825928,0.6404836177825928,0
300342,es,@musta_lou @la7loua muy contenta de que no hicieras manspreading en el cabify para que pudiera sentarme en condiciones 😚,0,1,NO,YES,0.29132540770324516,0.7086745922967549,0.7086745922967549,0
300343,es,"Un señor me ha regañado por poner lo pies en el asiento de la renfe ( sé que está mal ) pero os digo sus insultos:PUTA CERDA DE MIERDA , BAJA LOS PIES , CON ESAS PINTAS DE MARIMACHO QUE LLEVAS , QUE ASCO DE GENERACIÓN , CON FRANCO ESTO NO PASABA , LAS MUJERES NOSEKE BLABLABLABLA",1,1,YES,YES,0.24455416202545166,0.7554458379745483,0.7554458379745483,1
300344,es,"@PadredeTrans La nuestra dijo en clase (con 11 ) q le gustaba una compañera. Lo aceptamos, aunque le dije q eso era cosa suya y que no tenía q exponerse pk algunos le empezaron a llamar marimacho. La otra chica se burló de ella, de su forma de vestir... y años después",1,1,YES,YES,0.27105391025543213,0.7289460897445679,0.7289460897445679,1
300345,es,@FlorenciaLagosN Andate a cuba yo te pago los pasajes.. anda a vivir para alla marimacho.. mandame la cta y el valor para el pasaje de ida....,1,1,YES,YES,0.3481153638294122,0.6518846361705878,0.6518846361705878,1
300346,es,"@DraXDriloX @kiyomi4587 @MasculinismoLi1 El hembrismo es el que esta en contra de los hombres , el feminismo (si fuera feminismo ) no , el feminismo son mujeres buscando la igualdad y el masculinismo hombres buscando la igualdad",1,1,YES,YES,0.2868001035928788,0.7131998964071212,0.7131998964071212,1
300347,es,@AlksandrSolz @angelgerar93 Podría ser pionero en masculinismo.,0,1,NO,YES,0.46945464611053467,0.5305453538894653,0.5305453538894653,0
300348,es,"@jojonier_munoz @Pretorian_MGTOW Masculinismo liberal sigue a Laje, hasta le compró su libro, eso no es progreY Mmx defiende el rol masculino con base a los roles de género, yo he visto sus post en Facebook y no, eso tampoco es progre",1,1,YES,YES,0.43870254985705315,0.5612974501429469,0.5612974501429469,1
300349,es,"Dos chicas pakistaníes residentes en Cataluña han sido asesinadas durante un viaje temporal a su país tras comunicarle a la familia que no se someterían a un matrimonio forzado. La vida, la libertad y el respeto hacia la mujer no vale igual en todas las culturas (por desgracia).",1,1,YES,YES,0.432378752004467,0.567621247995533,0.567621247995533,1
300350,es,"@Choncit02 Son los únicos mugis que han tenido el contexto de una boda donde intentan salvar al otro de un matrimonio forzado, Nami luego de Whole Cake se volvió mucho más amable con Sanji al punto de ya no golpearlo a pesar de sus perversiones. Si hay un shipeo probable, es ese",0,0,NO,NO,0.5880493872195117,0.4119506127804883,0.5880493872195117,1
300351,es,"#ElPoderDeLaVerdad 🔥| Ya es delito grave el matrimonio forzado de menores en #México. Se castigará con 8 y hasta 15 años de prisión, y de mil a 2 mil 500 días de multa. https://t.co/Yg1HFczYAw#ChécaloEnAlCalor",0,0,NO,NO,0.6270380020141602,0.37296199798583984,0.6270380020141602,1
300352,es,Y yo defiendo q soy muy ruda muy activa pero la otra noche me agarro esta piba y era su bitch mami haceme mierda dale,0,1,NO,YES,0.38743368945818213,0.6125663105418179,0.6125663105418179,0
300353,es,"me agarró de golpe un tremendo dolor de cabeza, me comencé a marear y me desmayé en el baño no entendía nada y no me podía mover dios que horrible fue https://t.co/8q4BnWTPr8",0,0,NO,NO,0.7956847670266171,0.2043152329733829,0.7956847670266171,1
300354,es,"me agarro un ataque en el trabajo y me encerré en el baño, no se si matarme o irme corriendo",0,0,NO,NO,0.7782739400863647,0.22172605991363525,0.7782739400863647,1
300355,es,Hoy alguien me grito “Me quiero morir” con toda su alma y por dentro le decia “ya somos dos”,0,0,NO,NO,0.7606642246246338,0.2393357753753662,0.7606642246246338,1
300356,es,"traigo mucha rabia porque un señor en la calle me gritó algo y no le dije ni hice nada cuando perfectamente pude hacerlo, maldita sea",1,1,YES,YES,0.4240328073501587,0.5759671926498413,0.5759671926498413,1
300357,es,hoy alguien me gritó mientras iba en la bici y no pude ver quién era y ahora no se que hacer con este misterio,0,0,NO,NO,0.7413730621337891,0.25862693786621094,0.7413730621337891,1
300358,es,@Taiytotsuki1 Me gustaría follar más pero es que los bonsais me quitan mucho tiempo.,0,1,NO,YES,0.2650400023150443,0.7349599976849557,0.7349599976849557,0
300359,es,@clitfreaks @Andres54167596 Soy muy cortado aunque me gusta masturbarme viendo como se follan por el culo todavia soy virgen me gustaria follar a un pasivo gracias,0,1,NO,YES,0.16996438324239155,0.8300356167576085,0.8300356167576085,0
300360,es,"@girldomf me gustaría follar a alguna de ustedes, por no decir a todas",1,1,YES,YES,0.22151662079220086,0.7784833792077992,0.7784833792077992,1
300361,es,Llegar de jugar cansada pero mi negro merece una rica comida :)  como lo amo 🥰,0,0,NO,NO,0.5838069741783448,0.41619302582165524,0.5838069741783448,1
300362,es,la exol de los tulipanes es mexicana 🥺 de verdad se merece el universo entero&lt;3,0,0,NO,NO,0.6982914209365845,0.3017085790634155,0.6982914209365845,1
300363,es,"@EstebanH_ @AndresSimon_ Sabes que no, no es rabia. Pero te pregunto, que festejas? Si Colombia no merece a Petro de presidente según muchos por malo, entonces mucho menos a cualquiera de los otros 2 con mayor votación.",0,0,NO,NO,0.7879432439804077,0.21205675601959229,0.7879432439804077,1
300364,es,@ariannafadda fan numero uno della misandria :p,0,0,NO,NO,0.640981912612915,0.35901808738708496,0.640981912612915,1
300365,es,"@aecetaru Si las cosas fueran al revés ustedes saldrían con ""Eso es machismo"" ""Es misógino"" ""Como son mujeres deben esforzarse más"". Dime, eso sería porque odian a alguien? Sería algo sobre el feminismo, o la misandria?...",1,1,YES,YES,0.1628797996902406,0.8371202003097594,0.8371202003097594,1
300366,es,"@AnitaM86 @MGCONSULTORES @tuyomiespiritu Potente tu misandria, desconstruyete, estás a tiempo aún",0,0,NO,NO,0.5308425426483154,0.46915745735168457,0.5308425426483154,1
300367,es,"@Mareacarmesi @LauraFBermudez @LuzKilljoy @g_gdav Y no es misoginia, en todo caso es capitalismo, pensamiento industrial, empresarial, lo que quieras, menos misógino. Aplica lo mismo para ancianos y discapacitados. No estoy a favor ni digo que esté bien, solo dije que eso no es misoginia.",1,1,YES,YES,0.4385782480239868,0.5614217519760132,0.5614217519760132,1
300368,es,"Hay tantas weas horribles asociadas a embarazarse que nadie explica, y la gente dice que no hay misoginia en la salud",1,1,YES,YES,0.39740530267922264,0.6025946973207773,0.6025946973207773,1
300369,es,yo la reflexión que saco tras la que se ha liado por el tweet es que algunos tenéis una misoginia interiorizada que es para que os la miréis. los comentarios son en su mayoría que chanel es más válida y tiene más mérito porque baila+,1,1,YES,YES,0.4595642685890198,0.5404357314109802,0.5404357314109802,1
300370,es,🤣🤣🤣🤣 @Mzavalagc tienes cara de mojigata pero detrás hay una mujer muy corrupta y miserable. https://t.co/rDAXcq88Cg,1,1,YES,YES,0.20253285180924172,0.7974671481907583,0.7974671481907583,1
300371,es,"@perezreverte @poliatov En tiempos de una España mojigata y fascinerosa, un viejito lúcido dijo «pa lo que me queda en el convento, me cago dentro». Estimado Arturo, tiene usted razones de peso para armar la pluma con mira telescópica.",0,0,NO,NO,0.5542536973953247,0.4457463026046753,0.5542536973953247,1
300372,es,"@elefanteXVI Me llaman de la vela perpetua cucaracha De la Iglesia mojigata etc y en mi juventud disfruté mucho de salir, ir a los antros bailar y mis hijos también desconozco porque le ven lo malo, el que quiera portarse ma lo va hacer así como el que quiere portarse bien este en donde esté",0,0,NO,NO,0.6142766245768443,0.38572337542315577,0.6142766245768443,1
300373,es,"@demencb3 @alvaroo_mo12 @albba____ Chica, deja de estar en tu pedestal de mujer, no por ser mujer sufres más, mucho feminismo, pero sacáis el tema feminismo cuando queréis, igualdad y mierdas así, pero cuando no, pisais vuestros ideales, en fin",1,1,YES,YES,0.21897812002766848,0.7810218799723315,0.7810218799723315,1
300374,es,mucho feminismo pero desp para pasar a kpi gratis y chuparle la pija a los organizadores se olvidan,1,1,YES,YES,0.18227635595614247,0.8177236440438576,0.8177236440438576,1
300375,es,"Mucho feminismo pero para tirarle a alguien que tiene novia ahí están, eras compañera del secundario flaca supera 🤦🏻‍♀️",1,1,YES,YES,0.18272010165214084,0.8172798983478592,0.8172798983478592,1
300376,es,mujer al volante peligro constante https://t.co/dAJjpbf3Oj,1,1,YES,YES,0.2031142949129851,0.7968857050870148,0.7968857050870148,1
300377,es,"Mujer al volante, peligro constante https://t.co/00YBHvdpKi",1,1,YES,YES,0.17333755413703783,0.8266624458629622,0.8266624458629622,1
300378,es,@TuRoncito_ @fdbedout Peligrosa esta mujer al volante! Le falta educación vial…,1,1,YES,YES,0.2301060190765256,0.7698939809234744,0.7698939809234744,1
300379,es,"Yo no me caracterizo por ser una mujer dócil, tierna y abnegada y no por eso soy mala persona. Soy seria, independiente, tosca y no me doblego fácilmente. Características que en un hombre son normales y nadie dice nada.A uno le piden hasta que sea maternal sin ser madre🤦🏻‍♀️",1,1,YES,YES,0.2618196230584495,0.7381803769415505,0.7381803769415505,1
300380,es,claro porque los hombres necesitan a una mujer dócil debil y pequeñita pues me coméis los webos gilipoollas https://t.co/R8znEEkRia,1,1,YES,YES,0.22492481432967165,0.7750751856703284,0.7750751856703284,1
300381,es,@everstrongever Calculo que eres una mujer dócil y fácilmente manipulable.,1,1,YES,YES,0.1737507458590082,0.8262492541409918,0.8262492541409918,1
300382,es,"@Causa1936 Pues un crack la chica, eso sí  es una mujer empoderada: a las bravas y contracorriente",0,1,NO,YES,0.21864066179515904,0.7813593382048409,0.7813593382048409,0
300383,es,q paja estar en una carrera cn 70% chabones si no son pajeros son re sobrados tengo q calmarme porq en cualq momento entro con una faka y los m!!to a todos x insoportables y dejo solo a las minas con el discurso de mujer empoderada y me las chapo d paso,1,1,YES,YES,0.287181454132882,0.712818545867118,0.712818545867118,1
300384,es,@Expresoec Todo es mejor que quedarse en ecuador bien por ella!!! Todo el éxito del mundo Denisse mujer empoderada 💪,0,1,NO,YES,0.46703353327712616,0.5329664667228738,0.5329664667228738,0
300385,es,"@maitemangas @AntonioMautor Flipo de verdad, a no ser que te guste no tener derechos y volver a ser mujer florero claro",1,1,YES,YES,0.24741463378580608,0.7525853662141939,0.7525853662141939,1
300386,es,"@Margaritarosadf Lo q quieres @Margaritarosadf es una mujer florero q le baile al marido y a sus amigos en la posesión? también imagino q la seguirás apoyando la idea del fin de la mujer como esposa y madre, como lo ha hecho en campañas radiales y a lo largo de esta campaña: feminismo ""histórico""",1,1,YES,YES,0.22741363130252454,0.7725863686974754,0.7725863686974754,1
300387,es,"Marriage, money, boyfriend..... mi sueño de ser una mujer florero al fin se hará realidad???? https://t.co/eH4eH0eWlc",1,1,YES,YES,0.2897316429098951,0.7102683570901049,0.7102683570901049,1
300388,es,@pittt_jj Ahora una no puede ser mujer libre e independiente se ve,1,1,YES,YES,0.3495769306891242,0.6504230693108758,0.6504230693108758,1
300389,es,"@petrogustavo Mujer libre y un ser pensante, con grandes características... ✊💜🇨🇴No queremos patriarcados en el poder.....",1,1,YES,YES,0.35328876972198486,0.6467112302780151,0.6467112302780151,1
300390,es,"@fcpa1606 @dortega_g @escplus_es La canción la han compuesto hombres que la han colocado ahí, han creado un producto eurovisivo, y hasta el vestuario lo ha diseñado uno, osea que de mujer libre que hace lo que de la gana tiene poco",0,1,NO,YES,0.49655452391180255,0.5034454760881975,0.5034454760881975,0
300391,es,"@carolinagomezsn Así debe ser, una mujer obediente a lo que diga ei hombre, está escrito en...en...¿dónde? Una ayuda...",1,1,YES,YES,0.18994959547890405,0.810050404521096,0.810050404521096,1
300392,es,"En el árbol del Edén nos ganamos la muerte.En el árbol de la Cruz, el cordero sin mancha, el Cristo, el hijo de la mujer, obediente hasta el final, nos ganó la vida. 🙇‍♂️❤️",0,0,NO,NO,0.5473648309707642,0.45263516902923584,0.5473648309707642,1
300393,es,@conlopatore Esa es la forma correcta de dirigirte a tu señor mujer obediente y sumisa,1,1,YES,YES,0.1755191806626442,0.8244808193373558,0.8244808193373558,1
300394,es,"RT mezinpsuv: RT @NicolasMaduro: Hace 231 años, Venezuela vio nacer a una mujer rebelde que luchó incansablemente contra el imperio español, de ahí viene nuestra fuerza para seguir en batalla por la libertad absoluta de la Patria. ¡Celebramos la vida de … https://t.co/wKW1rHgtlh",0,0,NO,NO,0.8354672665079346,0.16453273349206546,0.8354672665079346,1
300395,es,"@luciac___ puta casa a hacerle la cena a tu padre y cállate toda la vida, cúbrete de cuello a pies y pídele permiso a tu marido para sacar dinero del banco. Ah y supongo que tus papis te habrán pagado los estudios, así ir otra mujer rebelde q no sabe lo q hace.",1,1,YES,YES,0.268392227041953,0.731607772958047,0.731607772958047,1
300396,es,"Soy una mujer rebelde. Carácter de sobra. Siempre lo he sido. No sigo patrones, digo lo que pienso, tengo perfectamente alineadas mis acciones con mis pensamientos/valores. Me visto cómo me place. Es por todo esto y + que mi candidato jamás será el machista de Rodolfo Hernández.",1,1,YES,YES,0.35782798277306455,0.6421720172269355,0.6421720172269355,1
300397,es,Dónde encontraré esa mujer sumisa ninfómana bisexual y dispuesta a compartir una sexualidad totalmenteabierta bajo mi tutela y protección para total placer y éxtasis alimentando nuestro morbo que sea capaz de poner y aceptar cuernos consentidos y compartidos te busco en CostaRica https://t.co/OVvk3zeCL2,1,1,YES,YES,0.3369778789891077,0.6630221210108923,0.6630221210108923,1
300398,es,Jajaja infórmate machote!!!!Igual influye más esto que permiten tus amigos del Gobierno que se ponga en los libros de texto de primaria y secundaria!!Mujer = sumisa y dependiente Hombre = agresivo y cruelVaya tela con VOX y con VAX!!!! https://t.co/gSR67Pd8RB https://t.co/Q9qBctxyBM,1,1,YES,YES,0.2671838562002096,0.7328161437997903,0.7328161437997903,1
300399,es,Si es una mujer sumisa seguro es del sur porq del norte no creo...,1,1,YES,YES,0.24227792024612427,0.7577220797538757,0.7577220797538757,1
300400,es,frisones caballos y outfit  mujer 🐎👩👖🇨🇴 estilo ranchero cabalgata caball... https://t.co/MS4LHmCphk a través de @YouTube,0,1,NO,YES,0.32783520221710205,0.672164797782898,0.672164797782898,0
300401,es,"@ConotoLlanero Sin palabras, suerte y fuerza para esa mujer y a usted un abrazo por hacernos partícipes de esta experiencia que te hace hasta llorar de solo leerlo.",0,0,NO,NO,0.5177644491195679,0.48223555088043213,0.5177644491195679,1
300402,es,"@Sassizavala Sassi una hermosura de mujer,saludame soy tu fan ☺",0,1,NO,YES,0.2795552611351013,0.7204447388648987,0.7204447388648987,0
300403,es,"En el marco de la celebración del Día de la Madre, el @CAMSanSalvador, rindió homenaje a las mujeres que forman parte de las diferentes unidades especializadas y distritos. https://t.co/CElKknXamy",0,0,NO,NO,0.7997778058052063,0.2002221941947937,0.7997778058052063,1
300404,es,"@petrogustavo Mujeres en los juzgados demandando a @HOLLMANMORRIS y a @AlexFlorezH , en la cárcel como @piedadcordoba o también maltratadas como @SusanaBoreal .A las mujeres con el pacto histórico si que les va mal.@PactoCol",1,1,YES,YES,0.25093074885217104,0.749069251147829,0.749069251147829,1
300405,es,qué habrá sido de mariafernanda que tuvo la matrícula 000001 al ser la primera mujer admitida en la preparatoria justamente cuando ésta cumplía 100 años y les reclamaban no admitir mujeres,1,1,YES,YES,0.2523825987463415,0.7476174012536585,0.7476174012536585,1
300406,es,"Este proverbio nos recuerda que muchas veces es aún más honorable que un hombre deje de esforzarse en esa práctica.En muchas circunstancias se necesita un hombre de honor para detener la contienda, pero cualquier insensato puede comenzar la contienda y continuarla.👇",0,1,NO,YES,0.4715844392776489,0.5284155607223511,0.5284155607223511,0
300407,es,"Toda mujer necesita un hombre sensible, que las escuche, que sea vulnerable, pero al mismo tiempo, que le destroce la panocha.",1,1,YES,YES,0.3277113237294949,0.672288676270505,0.672288676270505,1
300408,es,"@NubiaLope_z @ingrodolfohdez Colombia necesita un hombre que luche por todos la clase baja, media y alta que luche por todos los colombianos que luche por el medio ambiente @petrogustavo con 20 propuestas ambientales en favor de todos los colombianos, una política de protección animal, de la primera infancia",0,0,NO,NO,0.7793615328885038,0.22063846711149615,0.7793615328885038,1
300409,es,@zulueta23 En manos de MarlasKon y la nenaza feministoide de Sanchez ...qué coño van a hacer ..Irse a otro sitio mas serio.,1,1,YES,YES,0.272359945546387,0.727640054453613,0.727640054453613,1
300410,es,Como pase lo que creo que va a pasar en Amphibia voy a llorar como una nenaza,1,1,YES,YES,0.3571331905464289,0.6428668094535711,0.6428668094535711,1
300411,es,@Macca15Paul @IreneMontero Otro nenaza que la parienta tiene pelos en los sobacos?,1,1,YES,YES,0.261896707472107,0.738103292527893,0.738103292527893,1
300412,es,"@tupichulafav_01 @mmssb14 @isu_martinez vamos a ver niñata d los cojones tu t ves? os deja d hablar todo el mundo y x eso os llevais, literalmente sois las sobras d todos",1,1,YES,YES,0.34284867814634207,0.6571513218536579,0.6571513218536579,1
300413,es,"Es que me tengo que reír cada vez que una niñata critica a los que tenemos 20 y pico porque nosotros podemos permitirnos los álbumes y conciertos que queramos, mientras que ellos dependen de sus padres y si aprueban los exámenes de cono 😭 https://t.co/yD72df2TcS",1,0,YES,NO,0.6047254260129846,0.39527457398701543,0.6047254260129846,0
300414,es,"https://t.co/IBe7WFRhYqComo guionista de esta obra de arte quiero pediros a todos que lo veáis y me deis vuestra sincera opinión, menos la de Laura que es una niñata envidiosa que no ha dado un palo al agua en su vida",1,0,YES,NO,0.5710289478302002,0.4289710521697998,0.5710289478302002,0
300415,es,"Algunos hombres me quitan la esperanza de seguir pensando “no todos los hombres son iguales”, pero es que salen con la misma mierdita",0,1,NO,YES,0.4599306857544592,0.5400693142455407,0.5400693142455407,0
300416,es,"Mi bella amiga, apasionada,fuerte, sensitiva, pero sinsuerte a la hora de elegir con quien,como puedo explicarle que no todoslos hombres son como los que ella haelegido, los hay peores y mejores, pero debe aprender a contenerse y estudiar,donde darse un chapuzón sexual1/2",0,1,NO,YES,0.3601487874984741,0.6398512125015259,0.6398512125015259,0
300417,es,"@SosAtrevidita Por un lado no todos los hombres tenemos los mismos niveles de testosterona, pero seguro mas q una mujer, y por otro es un factor, tbn esta la educación, infancia, entorno, referentes masculinos, predisposicion genética, trastornos mentales, etc",1,0,YES,NO,0.5471430583936887,0.45285694160631124,0.5471430583936887,0
300418,es,@sleepxngc @AgossGalvalisi mencionaste ''odio a las mujeres'' que es la misma mierda,1,1,YES,YES,0.15803469482012547,0.8419653051798746,0.8419653051798746,1
300419,es,"@LuisPolodeLimon @RaulSolisEU Llamar puta a mi madre.. Nada nuevo bajo el sol, el odio a las mujeres lo destilais por cada poro, pero.. https://t.co/pQen0HQnuK",1,1,YES,YES,0.17678207159042358,0.8232179284095764,0.8232179284095764,1
300420,es,El odio a las mujeres https://t.co/Cr00Z95TWS vía @Milenio los gobiernos panistas contribuyeron a esto al quitar las materias de civismo y ética como materia en las escuelas hoy pagamos las consecuencias,1,1,YES,YES,0.2744559645652771,0.7255440354347229,0.7255440354347229,1
300421,es,hoy llevo mi cámara preparada para ser chica de artes q hace fotos a todos 👍🏻,0,0,NO,NO,0.7046818733215332,0.2953181266784668,0.7046818733215332,1
300422,es,@ava_draw @coronelmila__ Es que escribes bien... para ser chica😉,1,0,YES,NO,0.5391903794294369,0.460809620570563,0.5391903794294369,0
300423,es,Pero este no es un shonenEs mahou shoujo y cómo no es lo suficientemente femenino para ser chica mágica y no lo suficiente masculino para ser Tuxedo se jode que (? https://t.co/eT7pZDyXwn,0,1,NO,YES,0.26459378004074097,0.735406219959259,0.735406219959259,0
300424,es,"Ver batallas viejas y escuchar a una estúpida rimar ""vos naciste para ser mujer y yo para ser exitosa"" maldita seaaa, por eso no te juna ni Dios. Y después le manda ""sos negra igual que tu futuro"" amiga, que onda con la gente que le gritaba esas vergas",1,1,YES,YES,0.23705001959055605,0.762949980409444,0.762949980409444,1
300425,es,"@WildGarden77 @twiter_zzz @zairchop 2291 homicidios de los cuales, 1887 son varones. Qué mala época para ser mujer, no?. https://t.co/8C5nOMeHVz",1,1,YES,YES,0.34760018274785176,0.6523998172521482,0.6523998172521482,1
300426,es,"wey podemos hablar de cómo las toallas saba están a casi 90 varos????? q poquísima madre, mal momento para ser mujer",1,1,YES,YES,0.23787778615951538,0.7621222138404846,0.7621222138404846,1
300427,es,¿Y las niñas o adolescentes que aún no menstruan? ¿Y al transgénero que cambie de sexo para ser una chica? ¿Y al hombre que por alguna razón no pueda eyacular como lo llamarían? ¿Y al transgénero que cambie de sexo porque desea ser hombre? ¿Y es que no saben que entre el 10% y,1,1,YES,YES,0.35402345657348633,0.6459765434265137,0.6459765434265137,1
300428,es,@Martuuuuu01 tip 1: no pedir tips para ser una chica de calle,1,1,YES,YES,0.3990236878977008,0.6009763121022992,0.6009763121022992,1
300429,es,"@MissMalefica17 Va por el camino de la calabaza Ivana Yturbe.   Dejo los estudios para ser una chica reality, después se buscó un marido para que la mantenga!!!  Ese será su final de esta cara de chancleta. 😝😝😝 https://t.co/Dxc8xVShle",1,1,YES,YES,0.35695306319278103,0.643046936807219,0.643046936807219,1
300430,es,"Yo llorando y de mala ostia me visto y me maquilllo para intentar estar bien llega mi madre pareces una puta con el top de leopardo, gracias x tu ayuda mamá ahora estoy muchísimo mejor",1,1,YES,YES,0.32668912410736084,0.6733108758926392,0.6733108758926392,1
300431,es,"La gente que come el chicle con la boca abierta? 🥴 Amiga, pareces una puta vaca pastando. Iiiiiiuuuuuu😷",0,1,NO,YES,0.16904451939330936,0.8309554806066907,0.8309554806066907,0
300432,es,@ccaarmeeen_ @nrdriguezz Siempre pareces una puta trompeta,1,1,YES,YES,0.187891769228753,0.812108230771247,0.812108230771247,1
300433,es,@sebas166019 Ahora que te volviste economista...y que hacés paridad de precios internacionales...sabías que ANCAP es uno de los organismos públicos que más recauda para rentas generales para mantener al estado ? Solo pregunto.,0,0,NO,NO,0.8884918027749804,0.11150819722501955,0.8884918027749804,1
300434,es,"@BessyGallardoP @convencioncl @HalunkeValnor @elmostrador Parided con todes es une columne que nace a propósite de lo que se votará prontamente en el plene de la @convencioncl , como es la parided en el sisteme polítice.  Con @HalunkeValnor esperames le disfruten!! Cc @elmostrador https://t.co/2pEV9LyR27",0,0,NO,NO,0.7914989950806202,0.2085010049193798,0.7914989950806202,1
300435,es,#AlbirrojaFutsalFIFAFEM ⚪️🔴 ⏱17’ PT | Prosigue la paridad sin goles.#SteinCascavel 🇧🇷 0#Paraguay 🇵🇾 0 💻 En VIVO por: https://t.co/fbzX4YoGt9#FutsalAPF 🇵🇾,0,0,NO,NO,0.9540418173214387,0.0459581826785613,0.9540418173214387,1
300436,es,"Amo cuando Pablo dice ""ella es MI SEÑORA"" diosss perdón hermanas que el patriarcado lo tire otra",1,1,YES,YES,0.3351407648748843,0.6648592351251157,0.6648592351251157,1
300437,es,"@robolvar @j_muirclarke No es ofensivo es solo un identificador, el que se ofende en Twitter tiene problemas 😂, es como cuando ustedes dicen gachos o fachos o el patriarcado o machos opresores etc etc.. Se ofende el que quiere.",1,1,YES,YES,0.40139347314834595,0.598606526851654,0.598606526851654,1
300438,es,"No olvidemos que la mitad de la población mundial ha realizado históricamente labores reproductivas, las cuales han sido invisibilidades por el patriarcado  para sostener un sistema injusto y desigual. Que no me desampare la conciencia feminista ni la conciencia de clase.",0,1,NO,YES,0.3850760093376642,0.6149239906623358,0.6149239906623358,0
300439,es,"@Dmorazevallos @bardales1603 Ahora dice vigilante, para que use su palo de guachiman para pegar mujeres.",1,1,YES,YES,0.16433229286964057,0.8356677071303594,0.8356677071303594,1
300440,es,"@EloyMG_ Por supuesto, y luego a pegarnos tiros por la calle o en los institutos como hacen los americanos, desde luego esta gentuza si fuera legal legalizarian pegar mujeres con un cinturón en la calle",1,1,YES,YES,0.16022339940736888,0.8397766005926312,0.8397766005926312,1
300441,es,"@ManuelaHidalgoQ @4ltermusa @BraisCalvo1 @elperiodico Y también hay hombres con pelos en el pecho, Misóginos de pro, violentos de natural, aprovechando la ocasión de su vida para amedrentar y pegar mujeresMi 'espíritu maternal' está siempre con las víctimas, no con los verdugos, lo siento, pero no",0,1,NO,YES,0.2367684472570286,0.7632315527429714,0.7632315527429714,0
300442,es,@luluygil Lista para una perra mamada y sacarte los jugos de tu vagina,1,1,YES,YES,0.21826854998673648,0.7817314500132635,0.7817314500132635,1
300443,es,OKEY PERO CUANDO SUS OJOS SE PONEN ROJOS POR SU MAGIA NANANANA ES INCREÍBLE COMO WANDA SIMPLEMENTE EXISTE Y YO ELIJO SER SU PERRA https://t.co/SN4fE2odPc,1,1,YES,YES,0.40558608803666163,0.5944139119633384,0.5944139119633384,1
300444,es,"Extraño a mis amigos, mi forma de ser, el gabyy que yo era, tuve que enterrar a esa perra porque murió ese día que yo deje de vivir en mi casa, aveces la extraño y vagos recuerdos a mi mente llegan de lo feliz que llegue a ser",0,0,NO,NO,0.6076913475990295,0.39230865240097046,0.6076913475990295,1
300445,es,"Twitter be like: esta persona y tú compartís mgs, rts, puede que algún mutual, y puede cuentas seguidas, so... voy a recomendarte un tweet suyo que tenga impacto... Toma, unas tetas y una polla.",1,0,YES,NO,0.5152926156099209,0.48470738439007904,0.5152926156099209,0
300446,es,Twitter significa llorar por ver a una pareja de gays casándose y siendo felices y una polla aleatoria dos tweets más abajo,0,1,NO,YES,0.4613755941390991,0.5386244058609009,0.5386244058609009,0
300447,es,"El lobo Carrasco si puede le come la polla a Messi a dos manos, que cansino",1,0,YES,NO,0.7309671858241316,0.26903281417586844,0.7309671858241316,0
300448,es,Acabe de ver Hearstopper y ahora pondré orgullo y prejuicio porque soy masoquista.,0,0,NO,NO,0.6880316138267517,0.3119683861732483,0.6880316138267517,1
300449,es,"“Te he dicho que yo no sentía miedorespecto a mi propia muerte,ni siquiera un prejuiciocontra el suicidio…pero sentía inmensa consideraciónpor la vida de los demás”.            Anne Rice",0,0,NO,NO,0.7527638449441241,0.24723615505587593,0.7527638449441241,1
300450,es,"@Rosario17402616 @prudenciauy @colegiomedicouy @BUSQUEDAonline @DipRodrigoGoni @MiguelPastorino @DiegoVelasco67 @AnaGued53991331 @cerenario @LuisLacallePou @RodriguezBlauco @PedroBordaberry ¿Cuál es la parte religiosa? No la veo. Me parece que ese es un prejuicio. Hay católicos a favor y en contra, hay ateos a favor y en contra. Y nuestras leyes de un país laico prohiben matar a un paciente aunque este lo pida. Aquí queda claro el asunto 👉: https://t.co/SA4pWsSP4n",0,0,NO,NO,0.8415442955954163,0.1584557044045837,0.8415442955954163,1
300451,es,"@juanpidalpra @barbiedirocco No conoces a quienes han muerto porque reclamaban de esa prostitución forzada el pago del cliente que los jodio, no conoces a quienes fueron tildados de promiscuos, asesinadxs en patota y mendigando en la calle porque no tienen trabajo, cobertura de salud  o lo han perdido todo",1,1,YES,YES,0.26415536594853894,0.735844634051461,0.735844634051461,1
300452,es,"@PSOE @Adrilastra La prostitución forzada, el proxenetismo, el rufianismo, la trata o como queráis llamarlo, ya está contemplado en el Código Penal como delito. Lo que no se debe ilegalizar, sea o no moralmente reprochable, es que una persona disponga de su cuerpo libremente.",0,1,NO,YES,0.3705698251724243,0.6294301748275757,0.6294301748275757,0
300453,es,"@micadinella Me pusiste que tenía que escuchar testimonios... Te estoy respondiendo que conozco la situación. La trata y la prostitución forzada son dos cosas que no deben existir, pero no son lo mismo que el trabajo sexual",1,1,YES,YES,0.2816318441409972,0.7183681558590028,0.7183681558590028,1
300454,es,"Hola que tal riber, cómo te va?Gallina puta te saluda tu papáAguante no tenés, siempre corresY las finales la miras por la tv 🎶💙💛💙 https://t.co/HqBGfDlsvL",1,1,YES,YES,0.2725082039833069,0.7274917960166931,0.7274917960166931,1
300455,es,"@Bancolombia exijo el reintegro de mi dinero además de una compensación por los perjuicios causados, como mínimo una puta disculpa. @SFCsupervisor y uds señores se hacen los ciegos ? O cuanto les toca a uds de ahí?",0,0,NO,NO,0.6810526847839355,0.31894731521606445,0.6810526847839355,1
300456,es,Esperando a Divididos por primera vez veo un show de Nathy Peluso...te puede gustar o no pero tiene una fuerza de san puta y una banda impresionante.,0,1,NO,YES,0.48816871643066406,0.5118312835693359,0.5118312835693359,0
300457,es,@totalplaymx A ver a qué putas hrs https://t.co/glaDkAH2RZ,0,1,NO,YES,0.3413940275546329,0.6586059724453671,0.6586059724453671,0
300458,es,@MikiloCapdevila @Agustinach87 Jajajajajajajja y bueno todas putas,1,1,YES,YES,0.21010026961863845,0.7898997303813615,0.7898997303813615,1
300459,es,"Mi compa de la uni me clavo el visto,todas putas",1,1,YES,YES,0.21111053228378296,0.788889467716217,0.788889467716217,1
300460,es,@DTech_M @Simonstruacion Tw : putofobiate apuñalaria si pudiera,1,1,YES,YES,0.3105478697688657,0.6894521302311343,0.6894521302311343,1
300461,es,Yo no voy a dejar que los machitos queer lleguen aquí a decir que es putofobia o clasismo denunciar la explotación sexual y la trata de personas. https://t.co/ttjgg87FWp,1,1,YES,YES,0.2853782943116602,0.7146217056883398,0.7146217056883398,1
300462,es,"@Vidadebohemia La recogida de suelos en agricultura está prohibida porque se considera trabajo penoso. La prostitución no se prohíbe. Por qué? Porque las que lo realizan son mayoritariamente mujeres y quienes se sirven, hombres. Es machismo lo mires como lo mires, no puritanismo ni putofobia.",1,1,YES,YES,0.20415163040161133,0.7958483695983887,0.7958483695983887,1
300463,es,"Toda la serie en sí es una telenovela con dinámicas de poder, relaciones abusivas, tóxicas y drogas.Veíamos estas cosas sin entenderlas y, ahora, de mayores, comprendemos que la BBC nos tratana de mandar un mensaje: no tengáis hijos o acabaréis como ellos. (+)",0,0,NO,NO,0.6786956787109375,0.3213043212890625,0.6786956787109375,1
300464,es,Es literalmente romantización de relaciones abusivas pero ahora en live action🤪🤪🤩🤩,1,0,YES,NO,0.6005919992747307,0.3994080007252693,0.6005919992747307,0
300465,es,"Friendly reminder para las mujeres que han estado en relaciones abusivas: es normal que después de un tiempo olviden detalles o momentos traumaticos vividos en la relación, también que tengan recuerdos confusos, es un mecanismo de defensa del cerebro.",1,1,YES,YES,0.37178061520399497,0.628219384796005,0.628219384796005,1
300466,es,"Los pacos apuntaron. El lumpen disparo.Desde la movilización, que exige justicia para Francisca Sandoval, brutalmente reprimida por el gobierno de @gabrielboric y los pacos asesinos. Las palabras de nuestro compañero @Camiloparada#FuerzaYañez #DisolucionDeCarabineros https://t.co/CQmrSzT6os",0,0,NO,NO,0.8064873809749349,0.19351261902506509,0.8064873809749349,1
300467,es,"@Gabriel91581545 @riascos_maribel @LaJornadaMaya No Gabriel, no son mayoría, la mayoría está reprimida por ustedes que es distinto. Fijate cuántas leyes salieron a favor de todo lo que te quejas y después decime cuál es la mayoría y cuál es la democracia.",0,0,NO,NO,0.8400309807066766,0.15996901929332344,0.8400309807066766,1
300468,es,"""Cuando llevaba un par de meses empezó a salir el tema del sexo, pero yo era muy reacia a hablar del tema, me daba vergüenza hablar de ese tema con un desconocido y, encima, hombre...""Leer más 👉 https://t.co/M1BeGJG3Px#NorayTerapiaFloral #Sexualidad #Sexo #Represion https://t.co/gZfNN25USm",0,0,NO,NO,0.5652730633399804,0.43472693666001966,0.5652730633399804,1
300469,es,"/ annabeth está para romper el estereotipo de ""rubia tonta"", pero ¿cómo les digo yo que las mujeres negras también las estereotipan como ""tontas""? así que no importa que sea blanca o no, el propósito del personaje no se perdió. &lt;3",1,1,YES,YES,0.19865275623421735,0.8013472437657827,0.8013472437657827,1
300470,es,"@MontedRoman @isacastroficial La tonta es la chabela jaja Adrian no le dijo tonta a Sandra, le dijo tonta a Marylin Monroe,  dijo ""una rubia tonta "" no chabola estudiar más para que entiendas el contexto, no todo es puteriaaáa jaja",1,1,YES,YES,0.17935453622571432,0.8206454637742857,0.8206454637742857,1
300471,es,@Push_Tuitero Voy ver Eurovisión porque no tengo una rubia tonta.🤣,1,1,YES,YES,0.18816601020345108,0.811833989796549,0.811833989796549,1
300472,es,"@_janiree @sexalvaro Alv, tu amiga es mala, se nota que es mujer",1,1,YES,YES,0.27816597949469213,0.7218340205053079,0.7218340205053079,1
300473,es,"@Dekar_87 En diseño es muy parecida, pero cambia en varios detalles (y se nota que es mujer).",0,1,NO,YES,0.32825350761413574,0.6717464923858643,0.6717464923858643,0
300474,es,@caroramirezquin caramba esta salió más perra que todas!!! Que lengua tan Mp la que tiene… se nota que es mujer de guerrilleros,1,1,YES,YES,0.2539600133895874,0.7460399866104126,0.7460399866104126,1
300475,es,La precarización del trabajo es constante en el medio cinematográfico y audiovisual.La inestabilidad genera condiciones para relaciones laborales donde predominan el #Sexismo y otras formas de violencia como el acoso y hostigamiento sexual y laboral...#CineastasConscientes https://t.co/762UemrMtl,1,1,YES,YES,0.4523276090621948,0.5476723909378052,0.5476723909378052,1
300476,es,"Leí maricoona, creativo la dvd, dejando de lado ✨la misoginia y sexismo✨ You tried ⭐ https://t.co/iAyAXxVOOX",1,1,YES,YES,0.387457687036464,0.612542312963536,0.612542312963536,1
300477,es,"Siempre y lo será una mierda, con su transfobia, machismo, homofobia, sexismo, xenofobia, y los personajes insoportables, y la gente tienen el cerebro tan pequeño que aprenden gilipolleces https://t.co/QyxKK4YDnZ",0,1,NO,YES,0.4476688935658006,0.5523311064341994,0.5523311064341994,0
300478,es,"Personas con capacidad de menstruar,  incluye tanto a mujeres (personas de sexo biológico femenino, como de igual identidad de género), y a personas trans o no binarias. Personas que nacen con una base biológica femenina, pero que su identidad de género no condice con su sexo.",0,1,NO,YES,0.4917293938479008,0.5082706061520992,0.5082706061520992,0
300479,es,"@SaraRiveiro Biológicamente el sexo es determinado por los cromosomas sexuales X e Y. La ausencia o presencia del cromosoma Y, es el que determina el sexo biológico. Y esto afectará directamente a los genitales que se desarrollaran durante la gestación. Así que no entiendo tu pregunta.",0,0,NO,NO,0.7963952662172049,0.20360473378279506,0.7963952662172049,1
300480,es,"@EstherCuadrado3 @LauraFreixas Efectivamente, acabas de descubrir que las personas cis también modifican constantemente su cuerpo para adaptarlo al género. La diferencia es que si es para ajustarse al género qasociado a su sexo biológico nadie cree que sea una patología, si es al revés sí.",0,0,NO,NO,0.6714351177215576,0.3285648822784424,0.6714351177215576,1
300481,es,"El aislamiento y el exceso de pornografía no hacen buena compañía.Prefiero socializar con mujeres y verlas como personas, que estar creándome una falsa película de continuo sexo y pollas metidas en orificios. Desde luego esto último no me ayuda a construir habilidades sociales.",1,1,YES,YES,0.30741069636972834,0.6925893036302717,0.6925893036302717,1
300482,es,@AnaBiyJose @fuerte_domador Que combinación El rosa con tu cuerpo Sensual lista para hacerte un buen sexo 😈,1,0,YES,NO,0.6596000790596008,0.34039992094039917,0.6596000790596008,0
300483,es,"@krazytoxic Yo sigo esperando a q' pase y eliminesEl erotismo,Y des paso al sexo rudo, oral, masoquista y todo eso...😁",1,1,YES,YES,0.40965843200683594,0.5903415679931641,0.5903415679931641,1
300484,es,"@radioconvos899 @pasaroncosas899 #miercolesdegrieta 100 % papel, los que usan libro electronico, seguro practican sexting, es decir, no la ponen nunca, aparte de que libro virtual me suena a cositorto.",1,0,YES,NO,0.6778777241706848,0.3221222758293152,0.6778777241706848,0
300485,es,"Estoy super complicada en tiempos para sexting pero cuento con https://t.co/srzQrmE7as  y canal vip (por telegram, más información por mp) disculpen que no este mucho por acá pero estoy tratando de cumplir con muchas cosas. Apenas me acomode estaré más presente y haré sexting",0,0,NO,NO,0.6416674042741898,0.3583325957258103,0.6416674042741898,1
300486,es,"Las #apps  pueden representar un riesgo en ciertos escenarios, por lo que es necesario conocer las posibles amenazas. Les comparto mi artículo en @IDConline https://t.co/0sf2d72aqf",0,0,NO,NO,0.9201819896697998,0.0798180103302002,0.9201819896697998,1
300487,es,"Un hombre fue aprehendido por un caso de ""sextorsión"" contra un linqueño-La víctima es un hombre de 69 años.https://t.co/8iYjzKUuHU https://t.co/I5CV9s1l3v",0,1,NO,YES,0.47902609470408875,0.5209739052959113,0.5209739052959113,0
300488,es,💡💡💡Como se origina la sextorsion. Suscríbete!!!https://t.co/oENY7eLtpO,0,0,NO,NO,0.602655923524852,0.39734407647514797,0.602655923524852,1
300489,es,RT osiseguridad: Al realizar prácticas de #sexting podemos terminar siendo víctimas de #sextorsión. Te lo explicamos:https://t.co/337rjT0cRT,0,0,NO,NO,0.5500575304031372,0.4499424695968628,0.5500575304031372,1
300490,es,"La temática fue: ""Incendios, enfocados en los de tipo Basural, vinculando el impacto que esto tiene a nivel bomberil y en nuestra sociedad"".El motivo de esta charla fue brindarles herramientas a los alumnos de 4to. Año en su proyecto #InriGreen. https://t.co/6Tx64knOP1",0,0,NO,NO,0.9207309347282211,0.07926906527177892,0.9207309347282211,1
300491,es,@USAmbMex Los mata el narco que se nutre de los recursos que aportan los millones de drogadictos de cierto país que conozco.Urge una respuesta inmediata a la podredumbre de su sociedad.,0,0,NO,NO,0.8838231431868204,0.1161768568131796,0.8838231431868204,1
300492,es,"Mientras no se detengan las decisiones que toman los grupos de poder a nivel mundial,la sociedad pagará caro por la cobardía de no levantarse y detenerlos a como de lugar,debemos demostrarles que no les vamos a tolerar mas,a pesar de los borregos vamos a luchar hasta su final... https://t.co/4yrFr18IOr",0,0,NO,NO,0.9171871288562986,0.08281287114370134,0.9171871288562986,1
300493,es,"@Guatlleta @vuthy1Iiving Bueno... pero la independencia de Catalunya es más importante...para algunos q se dejan manipular, engañar, empobrecer, perder derechos de todo tipo sodomizar, ...",0,0,NO,NO,0.5728065967559814,0.42719340324401855,0.5728065967559814,1
300494,es,@JotaGarcia10 A lo mejor es para sodomizar soldados ukranazisParece que les va la marcha ja ja ja,0,0,NO,NO,0.6233939118204687,0.37660608817953134,0.6233939118204687,1
300495,es,Nos roban a manos llenas. Sólo les falta violar a tus familiares y sodomizar s tus hijos.,0,0,NO,NO,0.5410841703414917,0.4589158296585083,0.5410841703414917,1
300496,es,"@VogueSpain ¿Que tienes que decir sobre este alcahueterismo, Vogue España? https://t.co/OvvEHineVjDesde el 8:45 hablan de tu sororidad para con las mujeres a quienes dices apoyar.  Habría que ser muy hipócrita o porque son como Heard ¿se portan así?",1,1,YES,YES,0.22983139753341675,0.7701686024665833,0.7701686024665833,1
300497,es,"@ruizrestrepo @carolinasotolos @minieto @TatianaAndia @agaviriau Conversaciones que enriquecen.Gracias a todas estas grandes mujeres. Sabiduría, equilibrio,conocimiento,sororidad, escucha, respeto y unión.Construyendo país, transformándonos desde el verdadero centro político. #UnidasConFajardo @ROSAINESOSPINA1 @sergio_fajardo @Compromisarias https://t.co/JkvlMUlL0h",0,0,NO,NO,0.8190910342200255,0.18090896577997453,0.8190910342200255,1
300498,es,esta gente luego en plan: 💗💕💞💖💖💞💖💞sororidad 💗💖💖💞💗💖 https://t.co/1YztlxMXon,0,0,NO,NO,0.881842262162583,0.11815773783741695,0.881842262162583,1
300499,es,"@O1001100 Por otro lado te ha quedado un trikini fabuloso. Yo también tengo ese mismo sujetador deportivo e intentaría arreglarlo, es el mejor que tengo. 🙃",0,0,NO,NO,0.7262983538597332,0.2737016461402668,0.7262983538597332,1
300500,es,"@dama_prohibida Entonces tienes dos soluciones cuando de amor se trate: ir con el sujetador de otro color, o directamente, ir sin sujetador 😈😈😈",1,0,YES,NO,0.6414699936789271,0.35853000632107296,0.6414699936789271,0
300501,es,"@PoliciaHorny posibles a los tuyos. Por eso megustaría que si podías pasarme unafoto de ellos sin sujetador ni nadapara enseñárselos al cirujano, y quequeden lo más parecidos posibles alos tuyos.Espero que puedasayudarla, un abrazo fuerte",1,0,YES,NO,0.6818980181782847,0.3181019818217153,0.6818980181782847,0
300502,es,Ahora dirán los petrista que una mujer no puede robar tan bien como un hombre..xD https://t.co/2u998PBfO0,1,1,YES,YES,0.16134016456216818,0.8386598354378318,0.8386598354378318,1
300503,es,"@acongojante3 @EspanoldeEspana @vuthy1Iiving Eso, si llega a sus oidos es una falta d educación. Igual q si la persona q conduce es mayor. Una mujer puede conducir tan bien como un hombre y viceversa aunq sean formas d conducir diferentes y eso, GENERALMENTE se percibe. Yo intuyo muchas veces quien conduce delante sin verle",1,1,YES,YES,0.27925524947807934,0.7207447505219207,0.7207447505219207,1
300504,es,#TintaVioleta 🟣 Mercedes D’Alessandro explicó por qué es relevante hablar de la relación de las juventudes y de las mujeres con la plata y las finanzas.Leé la nota en https://t.co/Kox3XJMEOA@dalesmm #Economia #finanzas #dinero #Luminar https://t.co/GzRMsSA2Uk,0,0,NO,NO,0.6234540939331055,0.37654590606689453,0.6234540939331055,1
300505,es,"A todos los cuñaos q desde su posición privilegiada critican q Dulceida contrate solo a mujeres, les recuerdo que la brecha salarial y el techo de cristal EXISTEN, y que las mujeres tienen más dificultades para reincorporarse al mundo laboral después de ser madres. #InfluencersEH",1,1,YES,YES,0.20224192135805125,0.7977580786419487,0.7977580786419487,1
300506,es,"@ESTOESCLASE @IreneMontero Ahora ya no habrá un techo de cristal, ahora habrá un abismo menstrual.Están las tontas, luego las muy tontas y luego las cajeras del Saturn convertidas en Ministras por la vía conyugal.",0,1,NO,YES,0.41653137655275674,0.5834686234472433,0.5834686234472433,0
300507,es,Feliz día a todxs lxs profesionales de la #urologia Para que el techo de cristal se siga rompiendo 💪🏼#urology #UroSoMe https://t.co/MQS2o1Wm7n,0,0,NO,NO,0.9211158340670541,0.07888416593294593,0.9211158340670541,1
300508,es,le dije a mi mama q el lavarropas me hizo agujeros en una polera el otro dia y me trato d loca y dijo q seguro se engancho en algo con cierre y hoy me vino a decir tenes razon Y ME TRAJO UNA DE MIS REMERAS FAVORITAS CON UN AGUJERO EN EL MEDIO DEAS TETAS ME VOY A PEGAR UN T,0,1,NO,YES,0.3038778305053711,0.6961221694946289,0.6961221694946289,0
300509,es,@Yaneth2021Rod Mmmm qué deliciosas tetas para una rica rusa mami,1,1,YES,YES,0.17780773771955147,0.8221922622804485,0.8221922622804485,1
300510,es,"@QuejicaDonaa Si tuviera pasta, entre las tetas y las rodillas, me haría nueva😂😂😂",1,0,YES,NO,0.5395083588215219,0.460491641178478,0.5395083588215219,0
300511,es,"Lo de los derechos laborales del trabajo sexual es una contradicción por sí sola. Eso no es un trabajo, es una situación que no debería existir y que lastimosamente muchas personas, en su mayoría mujeres, acuden por diversas razones y/o necesidades.",1,1,YES,YES,0.3434708509760588,0.6565291490239412,0.6565291490239412,1
300512,es,"@yo__90__ No le aplaudo tampoco pero ustedes parecen tristes igual por criticar a la persona en como consigue las cosas y como tambien ajskans dejense de wear y dejenla en paz. Si cae porque esta ligada al narco y cosas así algún día caerá, si es por su trabajo sexual que tiene? de verdad",1,1,YES,YES,0.31093696886676736,0.6890630311332326,0.6890630311332326,1
300513,es,"el profe q la semana pasada discutió en clase pq le dije q el trabajo sexual era digno y no es lo mismo que la trata de personas, no supera esa discusión, pero nos ofreció a mi y una a compa a ser parte de su seminario. obvio no entraremos pero, lo estamos haciendo bn 👍👍",1,1,YES,YES,0.41820958744230347,0.5817904125576966,0.5817904125576966,1
300514,es,Jacques Audiard sets Spanish trans actress Karla Sofia Gascón in Emilia Perez; Selena Gomez and Zoe Saldana in talks to star : #Bollywood News – Bollywood Hungama https://t.co/cHpx5qOULs,0,0,NO,NO,0.8578495383262634,0.14215046167373657,0.8578495383262634,1
300515,es,"@elmundoes Pues esto es con una mujer trans. Imaginad lo que va a pasar con lo siguiente, cuando entre un tío en el vestuario de mujeres y diga que es de género fluido y esa mañana se ha levantado sintiéndose mujer. A ver quién le dice que no y se expone a una denuncia.",1,1,YES,YES,0.26496320962905884,0.7350367903709412,0.7350367903709412,1
300516,es,"@loderaulo Ahí leí el plan progresar lamentablemente es hasta 24 años extensible a 35 si tiene hijos menores de 18. Sin límite de edad para trans, indígenas, o refugiados.",0,0,NO,NO,0.7301839807684416,0.2698160192315584,0.7301839807684416,1
300517,es,"✅ Inciamos esta jornada dando a conocer entrevista 🔊🎙️ a nuestra Seremi #FernandaGlaser ♀️ realizada por @LaRegionDiarioSeremi se refiere a:🟣 #GobiernoFeminista🟣 Transversalidad de Género en el Estado🟣 Recuperación de empleo,entre muchos + temas#NuncaMásSinNosotras https://t.co/5zBJ3pYOIE",0,0,NO,NO,0.8188911188309718,0.1811088811690282,0.8188911188309718,1
300518,es,"Como Presidenta de la Comisión de Transversalidad de Género, en este #DíaInternacionalContraLaLGBTIfobia reafirmo mi compromiso para trabajar en la defensa, promoción y procuración de los derechos de las personas LGBTTTIQ+. 🏳️‍🌈🏳️‍⚧️💜❤️🧡💛💚 https://t.co/5Jz6po9OmN",0,0,NO,NO,0.846283278780433,0.153716721219567,0.846283278780433,1
300519,es,♀️Desde el @Europarl_ES exigimos que la Política Exterior🇪🇺 tenga transversalidad de género.Urge proteger a las mujeres en cooperación al desarrollo y ayuda humanitaria.La negación del derecho al aborto también es violencia hacia las mujeres📺@MonicaSilvanaG en @France24_es https://t.co/lHmtsyckcI,1,1,YES,YES,0.3702094554901123,0.6297905445098877,0.6297905445098877,1
300520,es,El periódico el espectroEl diario de la santa muerte              Noticias 17/5/2216/5/22 inicia un día sin mujeres manifestaciones por las mujeres periodistas mexicanos asesinados el presidente AMLO el cacas va sufrir las consecuencias de su ineptitup,1,0,YES,NO,0.5435712337493896,0.45642876625061035,0.5435712337493896,0
300521,es,En México el 9 de Marzo se hace “un día sin mujeres” y los vatos que no tienen ni idea de lo que es ser mujer bien indignados dijeron “hay que hacer un día sin hombres a ver que hacen sin nosotros” y no mames me pareció la mejor idea ever!…,1,1,YES,YES,0.25937390327453613,0.7406260967254639,0.7406260967254639,1
300522,es,"@JesusRCuevas Un día sin narcos, un día sin masacres, un día sin mujeres asesinadas, un día sin secuestros, un día sin extorsionistas! Eso es lo que queremos en México",0,0,NO,NO,0.6094179153442383,0.3905820846557617,0.6094179153442383,1
300523,es,"APU, su victimismo y ""Periobolchismo"" Bajo la Lupa. La segunda guerra mundial, Marx y los humanistas revolucionarios de IPhone en la columna de Pablo Boragno ""La otra cara de la historia"".https://t.co/lm3RhpqOfo",0,0,NO,NO,0.8543322340945075,0.1456677659054925,0.8543322340945075,1
300524,es,@hellosonshain @SuiGnris Patético ese victimismo. Sean fuertes y defiéndanse. Asuman las consecuencias de sus patinadas.,0,0,NO,NO,0.5637415051460266,0.4362584948539734,0.5637415051460266,1
300525,es,"#chiringuitoCourtois  es alcalde de todo Madrid debe tener tacto vean la cara de courtois, además ya está bien el victimismo atletico",0,0,NO,NO,0.7205411195755005,0.2794588804244995,0.7205411195755005,1
300526,es,Si en España se implantara la pena de muerte se terminarian los delitos de violación y de abusos sexuales. https://t.co/3cznAQnfZV,0,1,NO,YES,0.3755095191148067,0.6244904808851933,0.6244904808851933,0
300527,es,@Mardominguez03 Merece cárcel. Lo que hizo se llama VIOLACIÓN y es ILEGAL.,1,1,YES,YES,0.4948161244392395,0.5051838755607605,0.5051838755607605,1
300528,es,@lourdesfcalvo Por qué 21 años? Es una violación sexual! Debería ser cadena perpetua por ese delito.,1,1,YES,YES,0.2512028217315674,0.7487971782684326,0.7487971782684326,1
300529,es,"@RaulZamudioraul Los cómicos amenazaron que esta semana iba El Especial del Humor, Risas y Salsa y además el Chavo , pero nunca dijeron que también iba la Serie Rosa, con el capítulo Violacion sin Resistencia!! Buajajajajjaja",1,0,YES,NO,0.6902950796397007,0.30970492036029934,0.6902950796397007,0
300530,es,"#OEA confirma sesión extraordinaria el dia 13 de mayo, hora 2:30 pm para abordar ocupación de sede en Managua. Hay gran preocupación por violación al derecho internacional y la convención de Viena por parte de Dictadura de #Nicaragua https://t.co/PiiBZQGScq",0,0,NO,NO,0.9463229634415662,0.053677036558433824,0.9463229634415662,1
300531,es,Increíble la cantidad de plata que nos está sacando esta mina cuyo único mérito fue llorar en cámara denunciando violación. https://t.co/pAdzTBtfBn,1,0,YES,NO,0.5491947964073778,0.45080520359262216,0.5491947964073778,0
300532,es,"2/2. Twitter bloquea la cuenta y exige que se eliminen los tuits que mencionan a otros soldados, y el tuit con el soldado ruso (que fue objeto de la denuncia) resultó no violar las reglas de Twitter... No hace falta más prueba de la apología de la violencia en esta red social.",0,0,NO,NO,0.7979723215103149,0.20202767848968506,0.7979723215103149,1
300533,es,@Sergeluna_S @eld_oficial ¿Ahí llevaste las materias- ATAQUE A LA DEMOCRACIA- COMO VIOLAR LA LEY- COMO SER UN PATÁN EN EL CONGRESO?,0,0,NO,NO,0.5607249736785889,0.43927502632141113,0.5607249736785889,1
300534,es,El Gobernador @samuel_garcias  se da el lujo de subir videos en completo estado de ebriedad y coreando a su equipo de fútbol ratonero.Se sabe protegido por @azucenau  y los dueños de los medios de comunicación corporativos.Podría violar y matar y lo elevarían a rango de héroe!,0,0,NO,NO,0.7480053155425379,0.2519946844574621,0.7480053155425379,1
300535,es,El negocio del fútbol no puede seguir haciendo oídos sordos a la violencia machista.Prendemos nuestras redes para gritarle al abusador Sebastian Villa que La Pelota No Se Mancha!! Y decimos#VillaMachitoViolento#BocaComplice#AfaEncubridora https://t.co/T7FatWh5aN,1,1,YES,YES,0.44929221574710515,0.5507077842528949,0.5507077842528949,1
300536,es,🗣️ Móstoles guarda un minuto de silencio en condena de la violencia machista👉🏻  https://t.co/PxipLt75Lv#⃣ #LaVozdeMóstoles #25DeMayo #Móstoles #ViolenciaMachista👥 @AytoMostoles,1,0,YES,NO,0.6651871403940236,0.33481285960597634,0.6651871403940236,0
300537,es,03.05.22Concéntrate con nosotros en memoria de Ouardia y por el fin de la violencia machistaEl jueves 5 de mayo a las 8 de la tarde en la puerta del ayuntamiento de San Miguel¡Da un paso adelante contra la violencia de género!,1,1,YES,YES,0.49957191944122314,0.5004280805587769,0.5004280805587769,1
300538,es,Violencia simbólica también es un Presidente que todos los días nos levanta el dedito ☝️ a los argentinos https://t.co/L547hX3gSQ,0,0,NO,NO,0.8404574769939844,0.15954252300601554,0.8404574769939844,1
300539,es,"En el #podcast Un día de libros 67: Violencia simbólica, #literatura, #feminismo y género de terror con la autora de Carcoma,  Layla Martínez.Otra interesante charla de @BallabrigaAna, en este caso con  @17bdb4d9ee92445 #podcasts #libro #libros #leer https://t.co/2TUBz48qmr",0,0,NO,NO,0.7409271597862244,0.25907284021377563,0.7409271597862244,1
300540,es,"Top story: NBA tiene menos actos de violencia física pero más de violencia simbólica https://t.co/dnZTW6TUbE, see more https://t.co/qACu2aohDq",0,0,NO,NO,0.75567626953125,0.24432373046875,0.75567626953125,1
300541,es,Me cago en todos tus muertos y a los vivos me los violo. Me hago unos garbanzos en craneo de tu madre y a tu perro le acaricio un poco tras la cabeza. A doblar rodillas tu padre cuando llorando me suplique que deje el cadáver de su esposa. Ojala se os caigan todos los cacharros. https://t.co/CeIzHsOb2p,1,1,YES,YES,0.3499081522281079,0.6500918477718921,0.6500918477718921,1
300542,es,"@ulisesjaitt Si violó? Estuvo preso, poco tiempo pero estuvo, y deberia haber estado toda su put@ vida!!!",0,0,NO,NO,0.6716476678848267,0.32835233211517334,0.6716476678848267,1
300543,es,"@QuePasaEnSN @DrManueldelaO Así como Debanhi se cayó en la cisterna sola y se violó sola, así le volvió a salir otra apéndice al Bronco… así los milagros del Nuevo NL",1,0,YES,NO,0.6741728387526523,0.3258271612473476,0.6741728387526523,0
300544,es,"@bebedoradesemen Escribete en las nalgas zorra, para que te veas más hermosa",1,1,YES,YES,0.15976469456798872,0.8402353054320113,0.8402353054320113,1
300545,es,#ChiringuitoHaaland Dice la zorra de estar verdes las uvas cuando no puede llegar a ellas😉,1,1,YES,YES,0.20145140888469532,0.7985485911153047,0.7985485911153047,1
300546,es,soy una zorra por el kayn el mayor jodido smash de todo este juego https://t.co/c8O76REHuO,0,1,NO,YES,0.2084291341432671,0.7915708658567329,0.7915708658567329,0
300547,es,"Poniéndoseme en contra solo por las sombras, hablado por la espalda como lo hacen las zorras",1,1,YES,YES,0.23871010541915894,0.7612898945808411,0.7612898945808411,1
300548,es,"@srthouston Me lo estoy perdiendo y no estoy nada bien. Mis ganadors: @EvilQueenGH @AdriReality y tú, por ZORRAS!! 💖🏆🦊",1,0,YES,NO,0.7416613101959229,0.25833868980407715,0.7416613101959229,0
300549,es,@LillyTellez Le pagamos bien a la senadora chapulines y lo único que hace es ladrar. Nos ahorraríamos una fortuna si en su lugar compramos o perros o zorras,1,1,YES,YES,0.1802198886871338,0.8197801113128662,0.8197801113128662,1
400001,en,"@Mike_Fabricant “You should smile more, love. Just pretend you’re a Tory opening a food bank. We’re only living through the worst #CostOfLivingCrisis in living memory, so it’s all a bit of a giggle. Cheer up, darling, it might never happen!”#EverydaySexism https://t.co/Y3ieWbX2Gc",0,1,NO,YES,0.47518742084503174,0.5248125791549683,0.5248125791549683,0
400002,en,"@BBCWomansHour @LabWomenDec @EverydaySexism She is right but the push is all in the opposite direction - converting female only spaces to mixed sex and denying women and girls the privacy and safety of male free areas. Male behaviour is the problem not female behaviour; until this changes, we must preserve boundaries.",1,1,YES,YES,0.38080722093582153,0.6191927790641785,0.6191927790641785,1
400003,en,"#everydaysexism Some man moving my suitcase in the overhead luggage storage on a train to what he thinks is a better position (why?!) and now completely out of my reach for when I have to rush off the train in a couple of stops. Women can't arrange their own luggage, apparently.",1,1,YES,YES,0.2971731424331665,0.7028268575668335,0.7028268575668335,1
400004,en,"@KolHue @OliverJia1014 lol gamergate the go to boogieman, maybe if the actual concerns brought up during gamergate were listened to and not ridiculed then all the people who are so scared of it wouldn't have been memed on so hard",0,0,NO,NO,0.782775925563331,0.21722407443666902,0.782775925563331,1
400005,en,"@ShelfStoriesGBL To me this has the same negativity as gamergate, where people want to act like it's about journalistic ethics, but it's really an excuse to attack creators they don't like.",0,0,NO,NO,0.8995123043583677,0.10048769564163232,0.8995123043583677,1
400006,en,"@IrrelevantCmnt @jbo911 @BanButterfly @TheRightCant Yeah it was a core ""meme"" in the pre gamergate era that build the culture among online nerds to go into it.",0,0,NO,NO,0.8640126924510988,0.1359873075489012,0.8640126924510988,1
400007,en,@cathymwafer @andrew_lilico Showing off? The man spending his money helps the economy. I only hope the couple who won £184m are harassed as much to pay tax or is winning the lottery more acceptable for the envious than ppl actually earning their wealth?,0,0,NO,NO,0.7484825253486633,0.25151747465133667,0.7484825253486633,1
400008,en,@ReproRights @AbortionStories Getting Twitter harassed for pro choice . https://t.co/koF92Bs3Cy,1,0,YES,NO,0.7974845408643645,0.20251545913563546,0.7974845408643645,0
400009,en,@shields_rex @good_jarvis4 @Lulu48005877 @MarthaVotesBlue @urtoez75husband @Urtoez75_2 @Robthefrosty @coralgableswang @ATrumpest @RobertKort1 @do_deacon @suzyann39 @jodisblue2022 @QuinnLeone4 @janbear105 @Maggievt @BrenSumner @catsequalneko @GlennVotesBlue @classicalricky @HippoGang1 @maartenvda @JillASmiley @trini_ameri @Djangomydog @Brad_of_Kauai @brittlestar @ICEMANBOVEN I was hiding in cat twitter. Mental health been really bad. See a psychologist on Friday. I went to suicidal thoughts after being bullied and harassed by someone who is now no longer a friend of mine or hubby.,0,0,NO,NO,0.7724400047594309,0.2275599952405692,0.7724400047594309,1
400010,en,"@punishedmother There could be an opportunity to unify equalitarian elements of MRA, MGTOW, Feminist, and Incel communities and show people liberties is not a zero sum game.",0,0,NO,NO,0.7106851127539542,0.28931488724604587,0.7106851127539542,1
400011,en,"@esjayXX @EcuadorianMum @monsalore They so remind me of MGTOW (Men go their own way) in US full of men who hate women obessively talking about women. Just go your own way, we don't fcking care. And the envy pics of creepy men not having lunch but staring into their camera alone or from a women's loo!",1,1,YES,YES,0.21418086226966102,0.785819137730339,0.785819137730339,1
400012,en,It's a little old this video. But it is still very real for guys in the UK. #MGTOW #MensRights https://t.co/hbMl7xpbC2,0,0,NO,NO,0.8403905034065247,0.15960949659347534,0.8403905034065247,1
400013,en,"One of the depressing things about #NotAllMen is that it was used primarily as a rallying cry by privileged men with hurt feelings to negate the lived experiences of women and single themselves out as exceptional, rather than as a call for a more intersectional approach. https://t.co/BZVrJwfTKm",1,1,YES,YES,0.45884037017822266,0.5411596298217773,0.5411596298217773,1
400014,en,"What more would you add?(NB: This particular conversation topic is about women &amp; girls. The men &amp; boys conversation topic will be discussed separately, and if you’re gonna notallmen on this thread, then you really don’t know or care about women &amp; girls at all…)",0,1,NO,YES,0.3852628469467163,0.6147371530532837,0.6147371530532837,0
400015,en,"@JIMOTHY87615727 @unethicalquack Yes, but sadly the premier hasn’t responded to ME going back mid 2018 pre-Covid when I sent him a registered letter, advised by @ChrissieFoster7 @becjuddloves immediate response about potential crimes #NotAllMen 😞✊ https://t.co/Q3jFckf9fG",0,0,NO,NO,0.7792710065841675,0.22072899341583252,0.7792710065841675,1
400016,en,@avalikia @Xoriginalname @SunUnderstander @UwUDispenser @prageru They absolutely are your friends. You share a belief system with them rooted in Christian patriarchy. Sorry to be the one that breaks it to you.,0,0,NO,NO,0.6456160160531988,0.3543839839468012,0.6456160160531988,1
400017,en,"Yo! Radical Republicans&amp; members of the Patriarchy:WE ARE JUST GETTING STARTED. If you thought Summer 2020 was lit, wait until you see half the country in the streets in 2022.You don't try to take away bodily autonomy of 175 million people w/out a large dose of good trouble https://t.co/WXefuyX4ou",0,0,NO,NO,0.8311509017817811,0.16884909821821895,0.8311509017817811,1
400018,en,"Shit is crazy. If u want an open relationship, go find someone who wants the same thing as you. why is this a logic that man can’t grasp? This man is tryna downplay him entertaining other bitches. Not every girl is gon stay after you cheat. Like get this patriarchy bs outta here",1,1,YES,YES,0.294473606018639,0.7055263939813611,0.7055263939813611,1
400019,en,"West Yorkshire Police are committed to tackling #VAWG. If you aren't ready to talk to us just yet, contact Crimestoppers 100% anonymously.  #Enough #Itsnotok #StopStreetHarassment https://t.co/ovhvfLKNeR",0,0,NO,NO,0.7516959681601534,0.24830403183984662,0.7516959681601534,1
400020,en,"@GoldenSteeler06 @Matthew07219782 @PocketMaximoff Every 68 seconds, an American is sexually assaulted.Here is more reading if you decide to care: https://t.co/En60VuExz6""The survey found that 65% of all women had experienced street harassment. Among all women, 23%  had been sexually touched"" https://t.co/P7GI6Iy0kh",1,1,YES,YES,0.24567302329322627,0.7543269767067737,0.7543269767067737,1
400021,en,I sincerely wish the US was this progressive on women’s rights. #stopstreetharassment #MeToo https://t.co/rc9D1jHnOZ,1,0,YES,NO,0.6063922824380482,0.3936077175619518,0.6063922824380482,0
400022,en,Collab betweet WeAreEqual X @TaravaNFT ? 🤔YOU ALREADY KNOW IT. 🫵🏽Join our Discord on how to join our exclusive Giveaway : 👇🏽https://t.co/x3stzfLLmh.#NFT #NFTGiveaway #art,0,0,NO,NO,0.9139279927446244,0.08607200725537555,0.9139279927446244,1
400023,en,Some courage Jake Daniels 💪  hopefully you will open this su ject up to other footballers ♥️⚽️ #blackpool #Jakedaniels #weareequal,0,0,NO,NO,0.8887964354634816,0.11120356453651839,0.8887964354634816,1
400024,en,Join Discord For lunching announcements: https://t.co/jKWPraIgNZWeAreEqual #NFT is the first #NFT .    aiming to promote Equality and Accepatnce through its unique 3D #NFTart. The limited drop includes the 10 most rare pieces of the collection (which drops on 10th of June). https://t.co/59rW20iw49,0,0,NO,NO,0.8816569977875277,0.11834300221247224,0.8816569977875277,1
400025,en,"@jurassicg1rl @trinnylondon @womensday @ndawards Congratulations, well deserved.",0,0,NO,NO,0.923334738388689,0.07666526161131103,0.923334738388689,1
400026,en,"Are you looking for the perfect gift to show your mom or wife how much you love and appreciate her this Mother's Day? @WomensDay mentions our PureRelief™ Deluxe Foot Warmer for optimal comfort, coziness, and relaxation! Click the link to learn more: https://t.co/nDjG6AjTrA https://t.co/TqdcXRRvSq",0,0,NO,NO,0.6994340836664488,0.3005659163335512,0.6994340836664488,1
400027,en,Wishing all of you a very happy women's day#womensday #internationalwomensday #women #womenempowerment #womensupportingwomen #womenpower #happywomensday #iwd #girlpower #love #womenempoweringwomen #womeninspiringwomen #motivation  #womensmarch #art #womensrights  #bjainrx https://t.co/klH7uJyBHd,0,0,NO,NO,0.8757079374150625,0.12429206258493755,0.8757079374150625,1
400028,en,"If you don't vote, you ARE the problem. #VoteBlueIn2022 #WomensRights #GunControl #bookban #CivilRights #VotingRights",0,0,NO,NO,0.7967728972434998,0.20322710275650024,0.7967728972434998,1
400029,en,#GOP raising Taxes and controlling #WomensRights  #RepublicansAreDestroyingAmerica https://t.co/IaK0pLAQHx,1,0,YES,NO,0.7901068204705012,0.2098931795294988,0.7901068204705012,0
400030,en,Freedom convoy Toronto waving Pro-Life flag.They're living in the wrong decade. #WomensRights https://t.co/MxAOJlXsVJ https://t.co/cDVn9Iba6Q,1,0,YES,NO,0.867047480764835,0.13295251923516507,0.867047480764835,0
400031,en,We need to call for A Day Without Women. Where Women (&amp; their allies) all over the USA do NOTHING.NO WORKNo shopping.NOTHING,1,1,YES,YES,0.3972436189651489,0.6027563810348511,0.6027563810348511,1
400032,en,@sage_ranae This world wouldn’t last a day without women😴,0,0,NO,NO,0.6295547672973504,0.3704452327026496,0.6295547672973504,1
400033,en,What a day without women would really do to the economy https://t.co/heEvilbuRh,1,1,YES,YES,0.26538350387264775,0.7346164961273522,0.7346164961273522,1
400034,en,Nearly 10% of students will encounter sexual misconduct at school. #massexodushttps://t.co/J5B9KHS39w,1,0,YES,NO,0.557884828981305,0.44211517101869496,0.557884828981305,0
400035,en,@KariLake This is child abuse . There’s laws for child abuse. Get them teachers put away. It will stop.,0,0,NO,NO,0.7978075265557696,0.20219247344423047,0.7978075265557696,1
400036,en,"Israel’s hatred, intolerance, and abuse is disgusting. https://t.co/HLWQq1ozxr",0,0,NO,NO,0.8472220771428634,0.15277792285713668,0.8472220771428634,1
400037,en,@TheAgeofShoddy Gynocentrism and Androcentrism if you want to understand why people do this. It's a form of unearned pride that people without any talents partake on.,0,0,NO,NO,0.6988429427146912,0.30115705728530884,0.6988429427146912,1
400038,en,"So is xenophobia, androcentrism, hegemonic masculinity, toxic masculinity and/or racism?…so much is going on with this dude#BTSatTheWhiteHouse #AAPIHeritageMonth #StopAsianHate https://t.co/unSDbhFS2C",0,0,NO,NO,0.5383002001553714,0.46169979984462856,0.5383002001553714,1
400039,en,"@AubryAndrews Androcentrism makes men think that if it isn’t about them, it doesn’t exist.",0,0,NO,NO,0.5357675552368164,0.4642324447631836,0.5357675552368164,1
400040,en,"An androgynous mind was not a male mind. It was a mind attuned to the full range of human experience, including the invisible lives of women.",0,0,NO,NO,0.5098271066053446,0.49017289339465536,0.5098271066053446,1
400041,en,"@oliver_shergold @thesonicyouth my 10:Swimsuit IssueProvidenceKaren KoltraneThe Diamond SeaWildflower SoulWish FulfillmentCinderellas Big ScoreSecret GirlBull in the HeatherAndrogynous MindTried to include the songs that I feel should be regularly included in ""best of"" lists but aren't!",0,0,NO,NO,0.8387362957000732,0.16126370429992676,0.8387362957000732,1
400042,en,"⚡Flashback⚡: In May 1994, Sonic Youth released their eighth studio album ""Experimental Jet Set, Trash and No Star"". The album features ""Bull in the Heather"", and “Androgynous Mind"".  #sonicyouth #noise #indierock #avantgarde #recordshop #flashback https://t.co/ljzjsBCNIF",0,0,NO,NO,0.9294857701812455,0.0705142298187545,0.9294857701812455,1
400043,en,men for centuries: women are dumb. *dumb blonde jokes*. men are more superior than women. women can never be as good as a man. women are only good for one thing. *insert ridiculous beauty standards here*women: i hate men. men: THAT’S SO UNFAIR. NOT ALL MEN!!! WHY R U SO MEAN :(,1,1,YES,YES,0.1670557508750036,0.8329442491249964,0.8329442491249964,1
400044,en,@5heriBr0wn @stinkythinktank @nubbin00_ @MeganMcD411 @wellroundednut @frggystyl @HauntedJennifer @normhotchkiss At first I was scared of him. But after some stalking I found out about his artistic side. Then I realized he can be sweet and salty. Like a good treat. He gardens too.About as good as a man can get.,1,0,YES,NO,0.6458078237886534,0.35419217621134663,0.6458078237886534,0
400045,en,"@ParadeofOne @AndiHoppy @AndreaWolper singers. The “plays as good as a man” bullshit got thrown at Melba Liston, Lil Hardin is erased from a lot of history, Carla Bley doesn’t have a national holiday in her honour.",1,0,YES,NO,0.6859582458150909,0.31404175418490904,0.6859582458150909,0
400046,en,@___rashad_ the show got redundant every time they brought his ass back,0,0,NO,NO,0.8412254107363645,0.15877458926363555,0.8412254107363645,1
400047,en,How do one be a janitor ?! Im not touching no dirty ass toilet,0,0,NO,NO,0.5393522221043043,0.4606477778956956,0.5393522221043043,1
400048,en,I haven’t stood for that wack ass song in years y’all can gone head and send me home to my folks 💀 https://t.co/QDQwM6yDx2,0,0,NO,NO,0.6480111269957499,0.35198887300425014,0.6480111269957499,1
400049,en,like am i attractive fr like sometimes i don’t be feelin it 😭🌚🌝,0,0,NO,NO,0.5469332933425903,0.45306670665740967,0.5469332933425903,1
400050,en,@spidertannies @0x1_romantic I THOUGHT WE WERE TOO!!! WHAT HAPPENED TO LONG HAIRED ATTRACTIVE GUYS MER,0,1,NO,YES,0.47529466523842023,0.5247053347615798,0.5247053347615798,0
400051,en,"@realwilliamN @Tukatara @hasanthehun @jordanbpeterson It’s called identity politics and subversive culture. Yes, they are trying to upend cultural norms of what they view as “traditional”beauty standards by attempting to redefine what constitutes attractive and displaying controversial images in order to virtue signal.",1,0,YES,NO,0.8574639558792114,0.14253604412078857,0.8574639558792114,0
400052,en,one day i feel beautiful next day i could punch the wall,0,0,NO,NO,0.8600272408123726,0.13997275918762744,0.8600272408123726,1
400053,en,The dance moves makes mr.Drew’s performance very beautiful 🥰🥰#VGMA23,0,0,NO,NO,0.9461775489424794,0.053822451057520634,0.9461775489424794,1
400054,en,This beautiful princess is my niece love her so much she is so silly and smart https://t.co/iN71UMh1Rl,0,0,NO,NO,0.5900008678436279,0.40999913215637207,0.5900008678436279,1
400055,en,@jksunjata @man_respecter Says a man who aligns himself with a political ideology that murdered tens of millions of people and oppresses billions more. But it’s nice to see that such divisive binary thinking and ignorance is not limited to any one race.,0,0,NO,NO,0.8497999526649734,0.15020004733502654,0.8497999526649734,1
400056,en,@adam_christ_boy well i was always encouraged to focus on math/science which can lead to very binary thinking. humanities &amp; philosophy really show different perspectives. the other one is travel. being exposed to different cultures forces the issue more than nearly anything else. outside of that,0,0,NO,NO,0.9121706621672312,0.08782933783276882,0.9121706621672312,1
400057,en,@Sl63_49 lol yes binary thinking is the way to go,0,0,NO,NO,0.8882954849446685,0.11170451505533155,0.8882954849446685,1
400058,en,@motahedoon Alrubaye bint moawad Good luck 💜💜💜💜🤍🤍#motahedoon_challeng,0,0,NO,NO,0.8458637503304333,0.15413624966956674,0.8458637503304333,1
400059,en,@Bodysatnav She's not a nice old buddy. She's a bloodthirsty old bint,1,1,YES,YES,0.3935607310271699,0.6064392689728301,0.6064392689728301,1
400060,en,"@bint_e_asif18 Imran Khan is 100 times big Hero of the Natiom than thz Afridi.. Why he Passed Baseless Remarks against Khan Sahb.. Now face it, Evryone has a right to Express their Feelings",0,0,NO,NO,0.8767866026876361,0.12321339731236394,0.8767866026876361,1
400061,en,"@ThatBrianFella Bitch, a Maker's Mark bottle?! You'd have seen a doctor after that had been in ya.",0,0,NO,NO,0.6388124823570251,0.36118751764297485,0.6388124823570251,1
400062,en,why did they make el feel bad for hitting that bitch with a rollerskate? she deserved that shit,1,1,YES,YES,0.2718627452850342,0.7281372547149658,0.7281372547149658,1
400063,en,"i hate when people stare, like yes bitch i’m pregnant and what???",0,1,NO,YES,0.321675737004026,0.678324262995974,0.678324262995974,0
400064,en,aw man she dat one good girl worth a thousand bitches. we'll see in the long run.,1,1,YES,YES,0.2913229465484619,0.7086770534515381,0.7086770534515381,1
400065,en,@pkburnett @MaadyBK67 @hatchjenn You should take a getting bitches class,1,1,YES,YES,0.23963475227355957,0.7603652477264404,0.7603652477264404,1
400066,en,"Tankie Centricide:-HE SCREAMS FRENCH PERSON RAISED BY SLAVIC FAMILY-he just like me frfr-has may 68 posters in his room-bitches about ABSOLUTELY EVERYTHING like only a true french would-""ancom listen to this banger"" and its either katiusha or l'amant de st jean no inbetween. https://t.co/oFVTlcCtsz",1,0,YES,NO,0.5093692389318574,0.49063076106814263,0.5093692389318574,0
400067,en,And they do this because other men or their misogynistic mom shame them and than blame all women like stfu https://t.co/JFvK0VMesj,1,1,YES,YES,0.22511652595773968,0.7748834740422603,0.7748834740422603,1
400068,en,"Remember, Amber Heard shows us why you do not ""believe all women""But you also do not blame all women.Judge individuals individually.",0,1,NO,YES,0.283775269985199,0.716224730014801,0.716224730014801,0
400069,en,"I see this women bashing agenda going on too. So now all women are criminals and liars because of #AmberHeard. Those people are just as much psychos. 🚩🚩🚩🚩🚩they couldn't wait for ONE- woman to f*ck up, so they can blame ALL WOMEN. Yikes https://t.co/rEbJ0NnSSr",1,1,YES,YES,0.20954773383374212,0.7904522661662579,0.7904522661662579,1
400070,en,@inthecheapseat1 @albericie @DanielBleakley Because Morrison didn’t know how to be a leader! He was an old school authoritarian boss! He can’t teach what he doesn’t know!,0,0,NO,NO,0.917684866751505,0.08231513324849506,0.917684866751505,1
400071,en,today i changed a tire with acrylic nails on and i felt like a boss,0,0,NO,NO,0.8327839374542236,0.16721606254577637,0.8327839374542236,1
400072,en,"@DeleFarotimi Boss, pls pay him no attention ejoo!",0,0,NO,NO,0.8234326839447021,0.17656731605529785,0.8234326839447021,1
400073,en,local spaniards need to stfu tbh yall out here talking shit ab ukraine when yall literally bullied the living shit out of chanel when she won benidorm fuck off,0,0,NO,NO,0.5339292883872986,0.4660707116127014,0.5339292883872986,1
400074,en,@ai_qasim Yes Agreed. But we went to final twice finish in second places thrice and here we are with Europa Again idc but we aren't the same and we won't be bullied because we don't win stuff in the last 5 years add this year too please we don't care,0,0,NO,NO,0.9058261569842007,0.09417384301579934,0.9058261569842007,1
400075,en,"they get the MOST hate, so much so that they’re bullied out and most of them are just western stans now😭😭 https://t.co/1LpxPj54gX",0,0,NO,NO,0.7713538638160784,0.22864613618392157,0.7713538638160784,1
400076,en,"Call me sexist, but I don't believe women evolved to prefer men who are stronger, taller, more mature, more intelligent and have more resources than them, so that they could wear the pants in that relationship.",1,1,YES,YES,0.21732656852444598,0.782673431475554,0.782673431475554,1
400077,en,@mobfighter63 @JarJarAbramss Also this may make people call me sexist but I’m sorry I wanted to see Obi Wan spend his time with a Young Luke and see how their bond grew over the years especially much to the anger of Owen. Leia’s relationship with Obi Wan was through the knowledge of her father,0,0,NO,NO,0.5059447884559631,0.49405521154403687,0.5059447884559631,1
400078,en,"@HanaRants expansion and lower rims need to happen imo, people gonna call me sexist but",1,1,YES,YES,0.3845067024230957,0.6154932975769043,0.6154932975769043,1
400079,en,lmao the people that call me sexist: https://t.co/tufeC9Yfci,0,1,NO,YES,0.44746893644332886,0.5525310635566711,0.5525310635566711,0
400080,en,"@johnrclark12 Yet, there's a DIRECT correlation between the ""women's revolution"" and declining ratings. Feel free to call me sexist because I'm ""cancel proof"". Facts are facts.",1,1,YES,YES,0.3355946938870756,0.6644053061129244,0.6644053061129244,1
400081,en,"@DAZNBoxing Something deep inside of me finds it difficult to watch women’s boxing. I don’t know what it is but call me sexist,mysoginist or whatever you like but I find it uncomfortable, I can’t watch.",1,1,YES,YES,0.33336164553875786,0.6666383544612421,0.6666383544612421,1
400082,en,"@Declansayshi @chick_canon @Deborahindomita @CatraHolly @sfornek For example, again, North Dakota and Wyoming are both there in the states with the lowest homicide rates on that page, and are bright red.......almost as though being a red state doesn't make your homicide rate higher as some matter of course...",0,0,NO,NO,0.7540500535354002,0.24594994646459978,0.7540500535354002,1
400083,en,"@MrAxedead @LordofPoyos @gimmie20dollas no its canon, mrs atlus told me herself",0,0,NO,NO,0.7586798554855607,0.24132014451443934,0.7586798554855607,1
400084,en,@kitschlet gently nudges canon under the bed so binghe can have Friends,0,0,NO,NO,0.7903264525435432,0.2096735474564568,0.7903264525435432,1
400085,en,"@voxorbis_brad @GailSimone David Brockie: a Canadian intellect worth listening to. And Oderus had his immortality stolen from him, was impaled on his own sword, and I'm pretty that in GWAR mythos that's grounds for canonization. Hail Saint Oderus!",0,0,NO,NO,0.8957697086351386,0.10423029136486134,0.8957697086351386,1
400086,en,"@mariuswatz “Canonization” is a looooooong-term word. Even though the kind of work you reference is “long form,” in art world terms, it’s v short-term.Zoom out and ask whether we’ll be talking about the same artists in 2, 3, 10 yrs; the obv answer is no. 99% won’t make it into the canon.",0,0,NO,NO,0.9015845656394958,0.09841543436050415,0.9015845656394958,1
400087,en,(Blessed Devasahayam: First in India to Be Canonized as A Saint) -  - https://t.co/nAi1fF8Cww - SACRED COMBAT - #Column2 - https://t.co/TJNcVQv95p,0,0,NO,NO,0.8447190271401696,0.15528097285983047,0.8447190271401696,1
400088,en,"Any big cloth, that allows air  into my body https://t.co/V4OJuYT4FV",0,0,NO,NO,0.9234321896687662,0.07656781033123387,0.9234321896687662,1
400089,en,@PatricProAuthor Yes. A cloth-bound book of Grimm's fairy tales given to me by my father.,0,0,NO,NO,0.9311614036560059,0.06883859634399414,0.9311614036560059,1
400090,en,"why in god's good name is it the METAL that gets dyed instead of, idk, THE HUGE PIECE OF CLOTH???? https://t.co/oLQaCavLSc",0,0,NO,NO,0.7463455947431568,0.25365440525684324,0.7463455947431568,1
400091,en,When America allows anybody to vote remember that includes the crazy and the Nazi f**** here in America Rand Paul Mitch McConnell 4.4 million population cheat Americans everyday of their life. They will cock block bills that would make America better for all. They work together,0,0,NO,NO,0.7343294997713119,0.2656705002286881,0.7343294997713119,1
400092,en,"@black_bullshit That’s what she takes issue with in Top Gun? A woman having &amp; enjoying sex with a young &amp; hot fighter pilot? She, an author, does not possess the imagination that fucking 1986 Tom Cruise pre-Xenu would be an overall good for Charlie? Like those degrees will cock block Charlie? https://t.co/DWc5c0jwpr",1,1,YES,YES,0.3615238666534424,0.6384761333465576,0.6384761333465576,1
400093,en,@rjg2386 I only want mega max super cock block super bomb plays from you.,1,1,YES,YES,0.40482091903686523,0.5951790809631348,0.5951790809631348,1
400094,en,@kubidubie @sternzac You genuinely don't believe that incels look negatively upon women who sleep around? .Have you heard the phrase 'cock carousel'?,1,1,YES,YES,0.21872774278844553,0.7812722572115545,0.7812722572115545,1
400095,en,"@ForgivStudLoans @POTUS Its fine. She was just going to ride the cock carousel until she was barren then dip into her friend-zone when she was ready to ""settle down"". She still has the position of the ""cool wine aunt"" in her future.",1,1,YES,YES,0.2255268096923828,0.7744731903076172,0.7744731903076172,1
400096,en,"@DemonicJezabel @MayHeUpgrade @Thats_KeAndra So she loses a stable relationship with a guy whose taking care of her, to go back on the cock carousel with no protection because she’s jealousy.  Causing her child to loss a father and dramatically increase their chances of being a   complete f@ck up.  But she’s winning now",1,1,YES,YES,0.2651216764784359,0.7348783235215641,0.7348783235215641,1
400097,en,"Before you fuck her, slowly stroke your cock. Tease her first. https://t.co/aMydxU9wVB",1,1,YES,YES,0.20539560301913015,0.7946043969808698,0.7946043969808698,1
400098,en,Oh Vince you WOULD leave us with this until July you damn cock tease. #BetterCallSaul https://t.co/rw2lvlxZOX,1,1,YES,YES,0.28264129161834717,0.7173587083816528,0.7173587083816528,1
400099,en,"Okay legit what is the point of adding Uroktor, Zamites, or Jagras in MHRise if you arent gonna add Agnaktor, Zamtrios, or Great Jagras. What a fucking cock tease. Actually disappointing and a wasted opportunity.There's even a baby Tetsucabra but no big Tetsucabra? Why.",0,1,NO,YES,0.33607415341888947,0.6639258465811105,0.6639258465811105,0
400100,en,@danholme For years I have a shared album on iPhone and pay for the larger iCloud plan. It’s how I share all my photos of Scarlett with family. So easy and they can comment and react to photos just like social media platforms.,0,0,NO,NO,0.9089026721984944,0.09109732780150556,0.9089026721984944,1
400101,en,@EmilyRussellADK @MichelleTolosky @RepStefanik @ncpr NCPR has a strong record of exposing the lies of @RepStefanik. A great moment when Lauren Rosenthal recorded Stefanik in a series of what turned out to be blatant lies. This sort of coverage seems to be why Stefanik won’t talk to @ncpr See videohttps://t.co/LHT902Xg7S,0,0,NO,NO,0.8738297484466359,0.12617025155336414,0.8738297484466359,1
400102,en,"@sean_antrim @Acosta Ok, you’re either high, drunk, or crazy. My initial comment specifically said “assault STYLE weapons.” Get help dude. You need it.",0,0,NO,NO,0.5500523447990417,0.44994765520095825,0.5500523447990417,1
400103,en,"@ValCano14 @jamiedavie1977 @JanusTiresias 2/2Any winning coalition has to includePMC, Black Church Goers,uncoopted Working Class, etc&amp; work on consciousness raisingthere is too much, ""I can't workw/ moderate PMC -they're bougie""but w/o them there's not a chanceof winningI think, that's a realistic assessment",0,0,NO,NO,0.8714482914127155,0.1285517085872845,0.8714482914127155,1
400104,en,‘A museum show unapologetically devoted to consciousness-raising.’ ✊ Great 4* review for our Radical Landscapes exhibition by Laura Cumming in The Observer #radicallandscapes #tate #tateliverpool @tateliverpool https://t.co/oIdC4s2Vqh,0,0,NO,NO,0.9516508125014724,0.04834918749852758,0.9516508125014724,1
400105,en,"My latest academic article ""Critical Education in the Irish Repeal Movement"" in @SEA_journal. I highlight  importance of consciousness-raising education. If you're blocked by a paywall DM I've 50 links to give away @freesafelegal @All4Choice #repealedhttps://t.co/hW3XSYYAre",0,0,NO,NO,0.9464133554810276,0.05358664451897243,0.9464133554810276,1
400106,en,@janetadefabi @ChelseaFC Just go cook for your husband and shut up...Everyone makes mistakes....How quickly people forget . Just the other day he had a fantastic UCL run and assisted Havertz in the Ucl final...you showered praises on him didn't you??,1,1,YES,YES,0.3098404201817638,0.6901595798182363,0.6901595798182363,1
400107,en,@Mickeybokidoki Nah but then they start asking you about when you’re going to give them grand kids or say some shit like “if you keep watching cartoons you’ll never learn to cook for your /husband/”,1,1,YES,YES,0.3658253957577168,0.6341746042422832,0.6341746042422832,1
400108,en,"@mattgaetz The saddest part of this tweet is Matt Gaetz thinks women can be over-educated. I guess, any education above learning how to cook for your husband is too much education for Republicans.",1,1,YES,YES,0.22631611745607502,0.773683882543925,0.773683882543925,1
400109,en,"@jjclose @jk_rowling The reason she says it's mindless, is because it really is. Anyone with basic thinking skills can see why it's not just illogical but fucking stupid, and doesn't deserve a serious response.",0,0,NO,NO,0.7109720283167346,0.28902797168326544,0.7109720283167346,1
400110,en,You don't deserve access to your putrid penis ever again. #Chastiy #Beta #BetaMale #MaleChastity https://t.co/hgqAxydJqX,0,1,NO,YES,0.389725923538208,0.610274076461792,0.610274076461792,0
400111,en,@elonmusk are all skittles the same flavor?? The people deserve to know,0,0,NO,NO,0.7754678957303731,0.22453210426962686,0.7754678957303731,1
400112,en,@Lucesheffield @JuliaPa28346879 What is 'difference feminism'?? Never heard of this before.,1,0,YES,NO,0.5254061378659647,0.4745938621340353,0.5254061378659647,0
400113,en,"@ckerm4n we ended up choosing difference feminism. BUT THE TASK IS SO WEIRD. so the first task we have to find 3 feminists relating to a certain topic. and then the 2nd task we have to create a CAMPAIGN??? based on our chosen type of feminism, including a slogan and a pressure group event",0,0,NO,NO,0.5093161463737488,0.4906838536262512,0.5093161463737488,1
400114,en,"@Evilagram and people confusing the two actually sets us back, eg “protection” of women, tradwifeism, TERFism, difference feminism, etc. that are built on an apparent love of female aesthetic are useless and actially harmful to defeating implementation of  #2.",1,1,YES,YES,0.42572697554391475,0.5742730244560852,0.5742730244560852,1
400115,en,"“When discrimination happens, most times, it’s not going to be somebody saying a particular word,” said Ruqaiijah Yearby, a legal expert in racial health disparities at Saint Louis University. “It’s about the power to be able to put people in a less equitable situation.” https://t.co/JRVcQgGZ83",0,0,NO,NO,0.8110820296729215,0.1889179703270784,0.8110820296729215,1
400116,en,"@toutontoast @vankayak @HoCChamber @ChristineNorm @cafreeland Employers have a responsibility to provide a safe work environment for their employees and are allowed to set reasonable standards for said workplace. Many workplaces, including mine, already required some vaccines prior to the requirement for Covid vaccines. Not discrimination.",0,0,NO,NO,0.9651927552479495,0.03480724475205059,0.9651927552479495,1
400117,en,"Being told again and again that very little or no caste-based #discrimination exists in Nepal, I started documenting, on Twitter, news reports about just that -- caste-based discrimination. The https://t.co/IfRU1r30fC #castesystem #castebaseddiscrimination #casteism #dalit",0,0,NO,NO,0.7730885628895676,0.22691143711043243,0.7730885628895676,1
400118,en,The dumb blonde stereotype ended with legally blonde idk what to tell y’all,1,1,YES,YES,0.18476011798500663,0.8152398820149934,0.8152398820149934,1
400119,en,I'm trying to fit the dumb blonde stereotype thank you,1,1,YES,YES,0.22686586460071398,0.773134135399286,0.773134135399286,1
400120,en,"HE’S FINE. He’s fine, Keiji is FINE. My friendly policeman dumb blonde is OKAY. I’m not delulu.",0,1,NO,YES,0.25203943252563477,0.7479605674743652,0.7479605674743652,0
400121,en,@karnsies817 And he had the best foot stutter as a RB in the league.  He gets skinny and linebackers get embarrassed.   This dude is a huge part of the Browns’ offense.,0,0,NO,NO,0.8897788458333995,0.11022115416660044,0.8897788458333995,1
400122,en,"@BarralFlavio @FarminginSpace @Frankwasmmmmm @Johnson__joey I get that you are embarrassed by the abject failure that is your country, but don’t wear your insecurities on your sleeve. It’s really pathetic.",0,0,NO,NO,0.9044096412902857,0.09559035870971433,0.9044096412902857,1
400123,en,"Matt would pick every popular meme song, especially CPR just to make his brother embarrassed I haven’t thought of anyone else but most of my wols would participate in karaoke it’s sooooo cute https://t.co/uu06pRIOUL",0,0,NO,NO,0.882041335105896,0.117958664894104,0.882041335105896,1
400124,en,This right here...snaps to this wonderful empowered woman https://t.co/d9Aav8dHEQ,0,0,NO,NO,0.6580943269105456,0.34190567308945435,0.6580943269105456,1
400125,en,Leni. A strong and empowered woman. I am proud to stand with you.,0,0,NO,NO,0.6426213979721069,0.35737860202789307,0.6426213979721069,1
400126,en,i didntmean that hes not a whore hes an empowered woman who can do whatever he wants with her body im so sorry,1,1,YES,YES,0.17861461639404297,0.821385383605957,0.821385383605957,1
400127,en,"@TheRightCant I mean the witcher netflix is ass, and not because sjw oe whatever (the witcher books are already anti war, pro choice, women empowerment, etc.) But the arc of yennefer is boring as shit and nilfgardian Armour looks like scrotum.",0,0,NO,NO,0.5612524747848511,0.4387475252151489,0.5612524747848511,1
400128,en,"everyone in the replies missing the point…individual empowerment isn’t much compared to collective liberation, if we were liberated the choices women make wouldn’t be so loaded but we aren’t there yet are we? https://t.co/bYGsCEbMWl",1,1,YES,YES,0.4791180336212526,0.5208819663787474,0.5208819663787474,1
400129,en,"For years, there was a widely held belief that customer empowerment was counterintuitive for businesses. Many companies felt that giving people more information or choices would confuse them or negatively impact sales. https://t.co/nNq7v9Hsbg https://t.co/D06Cubo3QK",0,0,NO,NO,0.9274871142025192,0.07251288579748082,0.9274871142025192,1
400130,en,"@ClaughtonJohn @Alleyns_School @HMC_Org @_JaneLunnon @ISC_schools 1. True. But, ergo, studying 10 GCSEs is more interdisciplinary than IB &amp; A levels together.2. That *is* interesting. Sounds like an Epistemology module from Philosophy A level. Or the Critical Thinking module a school might offer outside of an A level timetable block.",0,0,NO,NO,0.9385142536129263,0.061485746387073686,0.9385142536129263,1
400131,en,@taibi_aymane And i dont find contradiction between Rand and Camu.I consider Camu's philosophy as metaphysics and morals.While Ayn rand more of Epistemology and aesthetics.,0,0,NO,NO,0.9146591424942017,0.08534085750579834,0.9146591424942017,1
400132,en,"Fantastic talk by Dr Christopher Bennett at @SciRelForum this morning 'Evolution's Revenge: Large Numbers, Covid, and Epistemology' https://t.co/ZlRnyWKlIy",0,0,NO,NO,0.9471898220060739,0.05281017799392608,0.9471898220060739,1
400133,en,@HelleborE04 @BettyBowers @elonmusk u are getting offended cuz u are raised with these ideas of equality between man and women in islam there isn't equality there is justice and justice is to put Avery one in his place man protect and provide and women raise the kids  https://t.co/ALpXlL72BC,1,1,YES,YES,0.40952942995814773,0.5904705700418523,0.5904705700418523,1
400134,en,Connect with Respect aims to help parents foster values of gender equality in their families to cultivate a moral character based on equality between both the genders. With the vision to make the society free of GBV and gender based discrimination from the roots. https://t.co/JAa8RXLAaa,0,0,NO,NO,0.8136130924936208,0.18638690750637926,0.8136130924936208,1
400135,en,"@LaurenRazavi @xdamman @MrsBadgerface @trinetti @Montebello - define who is your community &amp; why are you uniting- think deeply about permissionless/open vs curated communities (onboarding)- avoid ranking, create equality between whomever is giving, using &amp; receiving - be present, listen (x3)- cocreate- reward and praise- see people",0,0,NO,NO,0.9110575129564484,0.08894248704355152,0.9110575129564484,1
400136,en,"@SHSterns A rough analogy for those following at home Chris Rufo: CRT is bullying antiamerican race essentialism, it it is NOT normal history education about slavery or segregation NPT: NO! WE INSIST CRT IS NORMAL HISTORY EDUCATION!Where I am Rufo, GRT is CRT &amp; Mr Sterns is the NPT",0,0,NO,NO,0.8635631799697876,0.1364368200302124,0.8635631799697876,1
400137,en,@njdevilz324 @ETVPod Because race essentialism underpinned those historical occurrences. There is no way to meaningfully understand our history absent understanding racial essentialism.,0,0,NO,NO,0.8925679589596406,0.1074320410403594,0.8925679589596406,1
400138,en,Adverse pregnancy outcomes: biological essentialism versus embodied biology – Authors' reply - The Lancet https://t.co/zZkgzxLqp0,0,0,NO,NO,0.887865437386415,0.11213456261358504,0.887865437386415,1
400139,en,Join us tomorrow at 2pm for our Is Office Banter Ok? session. Come along to this informative session on how everyday sexism impacts on people and learn more about the Me Too campaign.,1,0,YES,NO,0.5967190443491651,0.4032809556508349,0.5967190443491651,0
400140,en,@edwardhenry1 Seriously Edward I am disappointed in you.  Telling women (never men) to smile at work is based on the assumption we are decorative and there to look pretty.  You don’t suffer everyday sexism but silencing those who experience it and dismissing the impact of it is shameful.,1,1,YES,YES,0.2297291985234857,0.7702708014765143,0.7702708014765143,1
400141,en,"BOOK REVIEW ""Sexism dictates the lives of most women and through Jiyoung we are made to realize just how it can potentially ruin us, sometimes even without us noticing until it’s too late"" writes- Keyur Basnet #KimJiyoungBorn1982 #sexualassaulthttps://t.co/EXb7chAF3g",1,1,YES,YES,0.37119561433792114,0.6288043856620789,0.6288043856620789,1
400142,en,"@suchita_p05 @GabbbarSingh Exoticization of our national penury is something we have transformed into a pastime.It is not altogether different from the ""land of snake charmers"" gibberish.",0,0,NO,NO,0.747454896720952,0.252545103279048,0.747454896720952,1
400143,en,"@GeorgeVarai @washingtonpost Pushkin was a deeply imperial figure, who used cultural appropriation and exoticization, narratives of ""slavic world"" (read: russian world) to support long-term invasion of Poland, and his sole mention of #Kharkiv was a condescending comparison of our university to a Kursk pub.",0,0,NO,NO,0.9187067884014068,0.08129321159859317,0.9187067884014068,1
400144,en,"Yellow Fever isn't a compliment and it isn't the same as ""having a type."" This phenomenon, spanning decades, has contributed to the exoticization, objectification, fetishization, and dehumanization of the AAPI community - especially Asian women. (1/4) https://t.co/VIPhbwMlCS",1,1,YES,YES,0.46845608949661255,0.5315439105033875,0.5315439105033875,1
400145,en,"@Snack_Memories I remember that trend well. Fat free! There might be 55g of sugar per serving, but it's fat free!",0,0,NO,NO,0.8975473374859292,0.1024526625140708,0.8975473374859292,1
400146,en,"@Jacob_Baker2275 It's hard af if you're female as well.And for God's sake don't fuvkin age. I'm to the point if no one wants to fuck my fat ass, so be it. I'm not here to please any one.Hugs Jacob.",1,1,YES,YES,0.2719278931617737,0.7280721068382263,0.7280721068382263,1
400147,en,4 Weight Loss Teas That Melt Fat#weightloss #eatthishttps://t.co/jgemYxyoGg,0,0,NO,NO,0.8277212381362915,0.1722787618637085,0.8277212381362915,1
400148,en,"18-year-old Female Killed in Brooklyn home, boyfriend in custodyhttps://t.co/HofoYU2yRI",1,0,YES,NO,0.5392001706600138,0.46079982933998614,0.5392001706600138,0
400149,en,✨I've been nominated for a @carolinamusicawards ! Vote for me in the Female HipHop category at the link in my bio! Congrats to all the DOAP artists nominated! 💝 vote at the link on https://t.co/g494j3OLZ0 or https://t.co/0nd4MjokNv! https://t.co/xFzCYspDAp,0,0,NO,NO,0.8970699310302734,0.10293006896972656,0.8970699310302734,1
400150,en,"“Gestures that reduce but fail to eliminate male physical advantages do not provide fairness in a female-only category that is designed to exclude male advantage”Even if testosterone is totally suppressed, male advantage remains.. https://t.co/QOMKqchr0m",1,0,YES,NO,0.5127698183059692,0.48723018169403076,0.5127698183059692,0
400151,en,"@DrProudman 🤮🤮🤮🤮🤮🤢🤢🤢🤢🤢 your point is disgusting, 1 step fordward, 3 steps back... 🤮🤮🤮🤮🤮🤢🤢🤢🤢 Feminazi",1,1,YES,YES,0.34917660648683346,0.6508233935131665,0.6508233935131665,1
400152,en,"“i’m not a feminazi so i don’t know what screws, hammers, or tools are” SHUT. THE FUCK. UP. i hate this lady so fucking much",1,1,YES,YES,0.17923778140826385,0.8207622185917361,0.8207622185917361,1
400153,en,@CarlBoylin @midgetmummsie Maybe counter that tweet of feminazi Barnet with a 'table tweet' without the limited seats.,0,1,NO,YES,0.3581673502922058,0.6418326497077942,0.6418326497077942,0
400154,en,@GonzaloLira1968 The Feminine Mystique. It has cost a lot of men a lot of money over history. Quite the commodity. 👍,0,1,NO,YES,0.4052803693628201,0.5947196306371799,0.5947196306371799,0
400155,en,"A thoroughly secular world is one in which identity is not received but only self-constructed. Its default is the narcissistic empty self, who fruitlessly attempts to construct a self ex nihilo rather than receive it from beyond herself.--Angela Frankshttps://t.co/gkEGVLT4IZ",0,0,NO,NO,0.7708916893867162,0.22910831061328382,0.7708916893867162,1
400156,en,"Definitely not a main thread or anything, but the movie takes place a year after The Feminine Mystique was published, so I don't think it's an unreasonable reading contextually.",0,0,NO,NO,0.7005478143692017,0.29945218563079834,0.7005478143692017,1
400157,en,"@BopperMcGuffe SWERF is an acronym standing for Sex Worker-Exclusionary Radical Feminist, a label for a woman who supports mainstream feminism but opposes sex work, believing it is ultimately oppressive.",1,1,YES,YES,0.4023723780401832,0.5976276219598168,0.5976276219598168,1
400158,en,"Sure, I'm all for feminism, but did they really have to call themselves ""Seneca Women"" when they have nothing to do with the Seneca Nation?",0,1,NO,YES,0.3965356170098667,0.6034643829901333,0.6034643829901333,0
400159,en,Did not expect GENTLEMAN JACK to be such an incisive critique of white feminism but it is. That’s both why it’s great and kinda triggering to watch.,1,1,YES,YES,0.402391892742869,0.597608107257131,0.597608107257131,1
400160,en,"@angrydollface @ThatObscurePoet @DrProudman I never claimed I was one; whatever hellscape definition you man-haters are insisting is ""feminism"" is just the ramblings of a vocal minorityI support what the evidence showshttps://t.co/99wWNbQ95DIf reality doesn't back Heard, then its not reality's fault #AmberHeardlsALiar",1,1,YES,YES,0.39196549034015804,0.608034509659842,0.608034509659842,1
400161,en,@BlackTzedek @BossGangVIP @DonHueLeo I don’t really understand this. Except that feminism is dumb.,1,1,YES,YES,0.3426350951194763,0.6573649048805237,0.6573649048805237,1
400162,en,"Modern feminism is so lame and ironically sexist. Empowering woe men doesn’t mean tearing down men, and it doesn’t mean masculinizing women either. Women can be feminine and powerful.",1,1,YES,YES,0.21774616188567394,0.782253838114326,0.782253838114326,1
400163,en,@hyperrrtrophy bc a lot of them are misogynistic and mmm are openly feminists I guess,1,1,YES,YES,0.24610381195103842,0.7538961880489616,0.7538961880489616,1
400164,en,"@ZeeOneNZ @nzherald While third-wave feminists and greenies try to tell women having a baby is a bad thing, women still find it a meaningful experience being a mum.  Hard sometimes, but worth it.",1,1,YES,YES,0.24454702072520523,0.7554529792747948,0.7554529792747948,1
400165,en,"@JonsLongs Im sorry but if you #StandWithAmber and are:male: you're a simp/ in need of validation from feministsfemale: manipulated by her/ in need of validation from feministsIf you will use emotional narratives than logic for this cause, i will never take you seriously.",1,1,YES,YES,0.3314129114151001,0.6685870885848999,0.6685870885848999,1
400166,en,"@SPN_foreverfan @padahugs I'm not fond of the feminization of his character either. I mean, each to their own, but he's masculine (not in a toxic way) and gorgeous to me. I'm don't dream about him pregnant (very popular in fiction), lactating, or in lingerie (also popular), and I don't see him submissive.",1,1,YES,YES,0.42123234272003174,0.5787676572799683,0.5787676572799683,1
400167,en,"@charliesierrag1 Can someone explain to me… Females are superior, so why is being “forced” into feminization a humiliation?",1,1,YES,YES,0.2933933734893799,0.7066066265106201,0.7066066265106201,1
400168,en,"I'm debating doing a ""feminization"" clip series for all My new sissies, to help them learn how to feminize 🤔",1,1,YES,YES,0.37649351358413696,0.623506486415863,0.623506486415863,1
400169,en,I'm looking for a girl I spoke to the day before the concert of #ATEEZinAmsterdam She was wearing a black bucket hat when we talked and we basically talked about the concert and the football match I went to go watch. Maybe y'all can help out?,0,0,NO,NO,0.6356070041656494,0.3643929958343506,0.6356070041656494,1
400170,en,@parker__farquer Three for a girl.You're going to have to murder a girl now. The magpie voices told me.,1,1,YES,YES,0.2688291508657246,0.7311708491342753,0.7311708491342753,1
400171,en,Foreigner - Waiting for a Girl Like You [Lyrics] https://t.co/ohiq7M53Oc via @YouTube Die Top 4 ist die Top 1 Juli 2018 mit 114 Impressionen:::Foreigner - Waiting for a Girl Like You [Lyrics] ::23.20Uhr/1.5.2022:::(Top 21 der Jahre 18/19/20/21),0,0,NO,NO,0.8578811075336236,0.14211889246637638,0.8578811075336236,1
400172,en,"@leesu44 @elishabroadway @markbann57 @SeaeyesTri There are even more ways for a woman to prevent a pregnancy. But honestly, why is it okay for a woman to get out of the responsibility of the decision she made, but at the same time it is not okay for a man to?",1,1,YES,YES,0.3016248941421509,0.6983751058578491,0.6983751058578491,1
400173,en,"Amazing that the GOP is trying to take away our ability to dispose of a bundle of cells that are unplanned, a result of a traumatic experience or dangerous for a woman to carry but as soon as those cells are an actual child, gun rights are more important than the child's life.",0,1,NO,YES,0.45303964614868164,0.5469603538513184,0.5469603538513184,0
400174,en,"It is is impossible for a man to become a woman or a for a woman to become a man.  For this reason, it is irresponsible and downright wrong (actually evil), to teach children that some cosmetic changes to their appearance can change their biological sex. https://t.co/XsHDQjwnuh",1,1,YES,YES,0.3864125609397888,0.6135874390602112,0.6135874390602112,1
400175,en,If Gaga decided to sing 18 versions of Free Woman as the setlist for Chromatica ball I'm here for it.,0,0,NO,NO,0.902954154439612,0.09704584556038792,0.902954154439612,1
400176,en,"This is your reminder that you can be child-free woman without having to be a workaholic career climber to compensate, as capitalist media suggests. Neither motherhood nor employment status define your worth.",0,1,NO,YES,0.41741224631144086,0.5825877536885592,0.5825877536885592,0
400177,en,"just completed my last final, i’m officially a free woman lets gooooo",0,0,NO,NO,0.70366273213438,0.29633726786562004,0.70366273213438,1
400178,en,1st day at the pool on a beautiful Sunday in NY! Too bad few dared to go in due to the frigid water temp (we lasted 45 min and figured we proved our point) 😆 https://t.co/4CZqD4CW2x,0,0,NO,NO,0.9346403131395462,0.06535968686045383,0.9346403131395462,1
400179,en,"“I like your outfit too except when i dress up as a frigid bitch, i try not to look so constipated” is my new “how are you?”",1,1,YES,YES,0.2876975324063758,0.7123024675936243,0.7123024675936243,1
400180,en,"@KNasFanFic 🥺💖 same, though!!! the angst just comes and goes. Lonely Xie Lian will always break my frigid heart.",0,0,NO,NO,0.8793983197391534,0.12060168026084661,0.8793983197391534,1
400181,en,@themaxburns @GOP Fuck that cunt. Tried to vote her out multiple times,1,1,YES,YES,0.2472631335258484,0.7527368664741516,0.7527368664741516,1
400182,en,@ultshunnie u gotta say some shit like “i’ll fuck that cunt dumb until you can’t remember anything but my name you stupid slut”,1,1,YES,YES,0.14623435495351353,0.8537656450464864,0.8537656450464864,1
400183,en,"@FernsLewds “Mmm, fuck that cunt is hungry for this dick isn’t it~ Such a shame that you can lie all you want about not wanting this but your body never can~”He says in her ear before he starts kissing down her neck. Making sure to leave plenty of love marks on her pale skin.",1,1,YES,YES,0.2762274742126465,0.7237725257873535,0.7237725257873535,1
400184,en,Suika gets gangbanged to death https://t.co/vna0ZwRtRN,1,1,YES,YES,0.3882778469241307,0.6117221530758693,0.6117221530758693,1
400185,en,"“I mean I do, but… wouldn’t it be fun to get gangbanged together~?” https://t.co/lNRZ9z53VL",0,1,NO,YES,0.35206425189971924,0.6479357481002808,0.6479357481002808,0
400186,en,@Fox_x_Gods Maybe something involving her getting gangbanged~?,1,1,YES,YES,0.17466092109680176,0.8253390789031982,0.8253390789031982,1
400187,en,@LogicalFallac18 @LBC Sex* as in 'gender' harassment is what they are inferring.,0,1,NO,YES,0.36189923768935317,0.6381007623106468,0.6381007623106468,0
400188,en,"@BBCYaldaHakim Kabul: Islamic Emirate of Afghanistan has announced the end of co-education in the country, citing ""gender harassment"".Female students will attend universities on Monday, Wednesday, and Saturday while Tuesday, Thursday, and Sunday are fixed for males.",1,0,YES,NO,0.5282897038287101,0.4717102961712899,0.5282897038287101,0
400189,en,Appreciate being included along with @wphillips49 on the Uvalde gunman’s history of cyber gender harassment. Regrettably unshocking. @UVALaw https://t.co/gg1UwHYdIf,0,0,NO,NO,0.5282748060390238,0.47172519396097623,0.5282748060390238,1
400190,en,@kdollsweety Please not the ones talking to 1st and 2nd  graders about gender identity!,0,0,NO,NO,0.7289215326309204,0.2710784673690796,0.7289215326309204,1
400191,en,@CATTRACHAS and @RFKHumanRights took the case of #VickyHernandez to the @CorteIDH and won. Today the government of @XiomaraCastroZ has committed to honor the sentencing which can guarantees the rights to gender identity in #Honduras https://t.co/9yLqgzLQ9c,0,0,NO,NO,0.8063442226443158,0.1936557773556842,0.8063442226443158,1
400192,en,"""𝐄𝐧𝐠𝐥𝐢𝐬𝐡 𝟏𝟎: Gender, Gender Identity, &amp; Sexual Orientation""Parents place a great deal of trust in the public school system to care for the education of their children.That trust is being betrayed in a shameful and deceitful way.#wednesdaythought https://t.co/H4QBm4wNdG",0,0,NO,NO,0.8057040096179249,0.19429599038207518,0.8057040096179249,1
400193,en,"This idea that Jamaicans are exempted from gender roles because ""cook"" and ""clean"" is so dumb. Cooking is not a gender role, its a life skill",0,0,NO,NO,0.6549860434229983,0.34501395657700173,0.6549860434229983,1
400194,en,"""The violent antifeminism of a far-right movement that sees ♀️ principally as vessels for breeding a new white generation expresses itself in a fixation on a return to “traditional” gender roles""Worth every minute to read - take 5 min out of your Sun👇https://t.co/zkdWPpIlzZ",1,0,YES,NO,0.5721327662467957,0.42786723375320435,0.5721327662467957,0
400195,en,"@MrsGreyBull @Miriam2626 Ah! Look! Gender roles are back, too! The don’t believe their own lies.",1,0,YES,NO,0.5827674692044417,0.4172325307955584,0.5827674692044417,0
400196,en,@earth2kayla yes hayley hafu representation give our japanese-hispanic girl her flowers,0,0,NO,NO,0.6492036194083918,0.3507963805916082,0.6492036194083918,1
400197,en,Isa hot girl summer now pop yall shit https://t.co/bU1bzAUuvr,0,0,NO,NO,0.6638094189337416,0.33619058106625843,0.6638094189337416,1
400198,en,My baby called me mommy Sha for the first time today twice!!! Y’all don’t understand how hype that made me. Baby girl has autism and getting her to talk without being prompted has been a challenge. She’s come so far 💕💕💕💕🎉🎉🎉🎉,0,0,NO,NO,0.6072291135787964,0.3927708864212036,0.6072291135787964,1
400199,en,@EyemotionFandom How did we reach a point where blonks are having the audacity to talk about yoongis rap do y'all see who you Stan ? Are y'all ok ?? Your girls can't write can't deliver can't come close to bts's lyricism tf are y'all getting brave for ?? Fashion deals ??,0,1,NO,YES,0.3046906772071527,0.6953093227928473,0.6953093227928473,0
400200,en,"@wolvesey Absolutely brilliant wkend, I’m off on July with the girls, can’t wait!!",0,0,NO,NO,0.6104297456017213,0.38957025439827875,0.6104297456017213,1
400201,en,Hot girls can’t get nowhere without a GPS,1,1,YES,YES,0.2630745768547058,0.7369254231452942,0.7369254231452942,1
400202,en,@Catoishere @HatClub @RahnniFitteds That gold digger is nice but the picture and set up for them are elite. Pinwork is like the revealing of the Mona Lisa. Always a work of art.,1,0,YES,NO,0.7749572262142436,0.22504277378575646,0.7749572262142436,0
400203,en,He Tries To Expose This Gold Digger BUT IT BACKFIRES. | 90 Day Fiancée B... https://t.co/pz91AbJ0WS via @YouTube,0,0,NO,NO,0.6158978571952667,0.38410214280473337,0.6158978571952667,1
400204,en,@RonFilipkowski Not enough is made of the fact that she’s an unabashed gold digger. 🤷🏻‍♂️,1,1,YES,YES,0.2513934373855591,0.7486065626144409,0.7486065626144409,1
400205,en,@MatrixPirate12 Well let me ask for the guys… do you ever just grab your testicles because you can?,0,0,NO,NO,0.679082989692688,0.320917010307312,0.679082989692688,1
400206,en,@ThatUmbrella I can’t imagine what the possible beef would have been but you do realize that you two live close enough to each other that your families could grab dinner together.,0,0,NO,NO,0.8611798882484436,0.1388201117515564,0.8611798882484436,1
400207,en,"There is still time to grab an #originalart print for #mothersday use code ""10off"" at check out for 10% off (one time use) https://t.co/yLfJOgO6sC",0,0,NO,NO,0.902897344486455,0.09710265551354505,0.902897344486455,1
400208,en,"They tried to censor, threaten, harass...but ultimately MURDERED Yeshua, for saying what we're not allowed to say online.  He called them: ""children of the devil"", ""the synagogue of satan""...and ""not of His sheep"". https://t.co/7hKi93oVwQ",0,0,NO,NO,0.7402944785444283,0.2597055214555717,0.7402944785444283,1
400209,en,@OfficialDGISPR u r allowing these terrorists to harass the countrymen https://t.co/8DOaqn4WiT,0,0,NO,NO,0.7705602875518884,0.22943971244811154,0.7705602875518884,1
400210,en,Dear @starwars fans Can we not harass talented actors of color? Stop being racist douche nozzles. This is why we can't have nice things. Moses is a badass inquisitor and y'all can't handle her badassary. https://t.co/bczGdn6evx,1,0,YES,NO,0.5132813453674316,0.48671865463256836,0.5132813453674316,0
400211,en,"The Cosmic Hegemony is taking over and it's your job to find their superweapons before it's too late! My review of the darn difficult - but beautifully themed - solo game ""Pulp Invasion"": https://t.co/F8HMIMNaBH #games #scifi #retro #avstudiogames https://t.co/NzooEMBUaM",0,0,NO,NO,0.9041599823164947,0.09584001768350522,0.9041599823164947,1
400212,en,@zhang_heqing The key is what’s your view on Prof. Mearsheimer’s view?  Do you agree with him or not? China would like to be the hegemony in Asia Pacific? Is China working hard to displace USA from Asia Pacific?,0,0,NO,NO,0.9390524031076921,0.060947596892307894,0.9390524031076921,1
400213,en,"@OzzieMalone1 @rationalist44 @ArmyVetStrong Yes, they operate covertly as fascists. You can silence opposition, engage in psychological warfare, and broaden hegemony without doing it openly.",0,0,NO,NO,0.9275378472563992,0.07246215274360082,0.9275378472563992,1
400214,en,"So deep... painfully deep our history and herstory of slave trade, colonialism and neo-colonialism https://t.co/wUvOLx7Bt8",0,0,NO,NO,0.9249103138216608,0.07508968617833917,0.9249103138216608,1
400215,en,Met the talented @brittbanks at Cre8tiveCon LA today! She has shown me what disciple and grit and can get you! I'm so glad to have heard her story today#herstory #Cre8tiveconla #creatives #networking https://t.co/f9JSqNIBYl,0,0,NO,NO,0.8039835095405579,0.19601649045944214,0.8039835095405579,1
400216,en,stop saying i said this cus she has short hair! some of her gayest looks came from 2017/18 blonde ponytail era!!!!!! know ur herstory https://t.co/YJYVzJVP0L,1,1,YES,YES,0.30292773246765137,0.6970722675323486,0.6970722675323486,1
400217,en,@RepSwalwell Haha. Tiny man with unusually wide hips or is it the Mom jeans. 🤷‍♀️ @SebGorka,0,0,NO,NO,0.5642056465148926,0.4357943534851074,0.5642056465148926,1
400218,en,"@Shelly1968real Best way to do that is from behind her, with your hands on her hips",1,1,YES,YES,0.4849416902626568,0.5150583097373431,0.5150583097373431,1
400219,en,some one get those white boy hips moving MAN CANNOT BOUNCE 😭😭😭😭,0,0,NO,NO,0.6219879388809204,0.3780120611190796,0.6219879388809204,1
400220,en,"same energy as ""kiryu couldn't be in smash because he wouldn't hit women"" it is a noncanon crossover who gives a fuck https://t.co/Y480KteZ7w",1,1,YES,YES,0.25243765115737915,0.7475623488426208,0.7475623488426208,1
400221,en,"@TellerTale1 Exactly, it’s drilled into men not to hit women, why isn’t it drilled into women not to hit men? So many times on nights out I have witnessed women, hitting, punching, scratching at men and them standing there and just taking it as they know they are damned if they react!",1,1,YES,YES,0.15158376549433963,0.8484162345056604,0.8484162345056604,1
400222,en,"Why would a woman accuse someone of hitting her if it was lies? I dont hit women and never been accused of such.Even my ex,never said that in a nasty divorce. https://t.co/z8S7wTvSq4",1,1,YES,YES,0.18376531649335276,0.8162346835066473,0.8162346835066473,1
400223,en,@everly_well What’s the deal? Did my husband and I just take the same test? One was bought off the website and the other from @Target. https://t.co/csi6GAcM5G,0,0,NO,NO,0.6288906335830688,0.37110936641693115,0.6288906335830688,1
400224,en,"@_RobYo Y’all are husband and wife and best friends! You guys have so much fun, it’s awesome! You keep each other laughing and smiling😂",0,0,NO,NO,0.5203254818916321,0.4796745181083679,0.5203254818916321,1
400225,en,"@reebecatavares Wait till ur husband messes up, u gonna love the scouser death threats 😂😂",1,1,YES,YES,0.4339258670806885,0.5660741329193115,0.5660741329193115,1
400226,en,Aughhh i still got an exam tomorrow. I hate women,1,1,YES,YES,0.22841250896453857,0.7715874910354614,0.7715874910354614,1
400227,en,"""I am not like other queers I hate women"" misogynist and proud https://t.co/L5QCbH1omf",1,1,YES,YES,0.18689212760007762,0.8131078723999224,0.8131078723999224,1
400228,en,I'll share some stuff when I archive but Anti-fujo comment threads are 100%:+i'm _ is it ok for me to make mlm?-yes!-no!-you can as long as NO sex!+misogyny is a lie+i hate women they ruin everything+i'm a trans man &amp; cant believe i used to think i was a dirty gross fujo🤮,1,1,YES,YES,0.24934709072113037,0.7506529092788696,0.7506529092788696,1
400229,en,"@daddys_anon I want to give you delicious black kiss, your ass looks very rich, then I would like to fuck you and cum inside you 😍😍😍",1,1,YES,YES,0.29551827907562256,0.7044817209243774,0.7044817209243774,1
400230,en,@HTFCirno2000 I have an old receipt printer thing but I have no idea how to use it. I would like to fuck with it like you did. https://t.co/UpXFySfBwB,0,0,NO,NO,0.8485290317850728,0.1514709682149272,0.8485290317850728,1
400231,en,Mr Balls i would like to fuck https://t.co/FhFiq7Hamj,0,1,NO,YES,0.3939762946353134,0.6060237053646865,0.6060237053646865,0
400232,en,@lecanardnoir @cindylover1969 @Abra_Kastabra @LilySimpson1312 The word ideology is enough for me to know to repel from it..,0,0,NO,NO,0.8893034126869063,0.11069658731309372,0.8893034126869063,1
400233,en,"@ExmoorOn @AmitKerai89 @richimedhurst @McDonalds Some far right outlets might work to normalize fascism, nationalism and nazism. Most main stream media in western countries portray Nazism as an unwanted ideology (and rightfully so).",0,0,NO,NO,0.908720691112249,0.091279308887751,0.908720691112249,1
400234,en,Cognicism is more of a meta-ideologyIt advocates for tools that gradually integrate many ideologies over time through predictive reflection and generative modelingIt's a process by which disparate ideologies are integrated,0,0,NO,NO,0.9184112754109042,0.08158872458909582,0.9184112754109042,1
400235,en,"@NickBuckleyMBE I'm pretty sure it does exist, Nick. Most serial killers are men who soley kill women.",1,1,YES,YES,0.27480363845825195,0.725196361541748,0.725196361541748,1
400236,en,"@DaddyBrianMC @roadhouse2100 @stlcty03 Not as much as they harm/kill women and children, by a long shot (pun intended)",1,1,YES,YES,0.3918731575087811,0.6081268424912188,0.6081268424912188,1
400237,en,@BoopBepp @Helloth07860784 @Bronwen85 Yup I hate when men rape and kill women. https://t.co/MyfVPu6THd,0,1,NO,YES,0.17329113642626187,0.8267088635737381,0.8267088635737381,0
400238,en,Calls to clean up Parliament's laddish culture after MP's porn shame https://t.co/3AC2ArWrjF via https://t.co/LiNou8Ixhu,1,0,YES,NO,0.645954966545105,0.354045033454895,0.645954966545105,0
400239,en,We just booed a huddersfield coach going past us. Just an example of the wild laddish banter that the print-at-home reds are getting up to https://t.co/Dvkz5SD4AE,0,0,NO,NO,0.8173314089378295,0.18266859106217054,0.8173314089378295,1
400240,en,"@AlexTheGuiri @Bennjoon @PaulKelleher4 @BritainElects @techneUK If Theresa May was still PM, would they all have been partying throughout Covid lockdowns? I think we all know the answer to that. Johnson presided over &amp; encouraged a lax, laddish culture of drinking &amp; rule-breaking.",0,0,NO,NO,0.7388515252217196,0.2611484747782804,0.7388515252217196,1
400241,en,"Ladies,don't let anyone body shame you in any way...you are fat so what..you are beautiful my dear...be confident in yourself...peace",0,1,NO,YES,0.3559828804726267,0.6440171195273733,0.6440171195273733,0
400242,en,"Stop ✋🏾 Don’t lie to these people. Ladies, don’t let this man trick you out of the greatest organs of your life 🙄 cause  what? https://t.co/secSDVvFKz",0,1,NO,YES,0.3772425651550293,0.6227574348449707,0.6227574348449707,0
400243,en,"Ladies, don't have a miscarriage in Louisiana! If you do, in addition to probably having your friends and family sued by some opportunistic yokel, you'll be charged with murder.  https://t.co/6JtnjUCkLC",0,1,NO,YES,0.3581472635269165,0.6418527364730835,0.6418527364730835,0
400244,en,@Girlw0ndr I like that a woman acting like a lady thank you,0,1,NO,YES,0.2089591504478328,0.7910408495521672,0.7910408495521672,0
400245,en,"It is hard to be a woman. You must think like a man, act like a lady, look like a young girl, and work like a horse.",1,1,YES,YES,0.16894541932561127,0.8310545806743888,0.8310545806743888,1
400246,en,"""Dude Looks Like A Lady"" 💫🎶Aerosmith🎶🎸⚡️💫https://t.co/41OxpV6YWm",1,1,YES,YES,0.4154126295693296,0.5845873704306704,0.5845873704306704,1
400247,en,@gokunaruto3000 Idk wtf you looking at 😂 one looks cgi the other looks like a woman painted green,0,1,NO,YES,0.38714643159072304,0.612853568409277,0.612853568409277,0
400248,en,@MosaicoDaemonic @heyitsnatalie00 @WhatIsAWomanBot The real woman are pissed that a man with a dick is dressing like a woman and then beating them in their sports lol. We are truly living in a fucked up time when men can literally dress like a woman and take away all women's accomplishments.,1,1,YES,YES,0.1317589749657955,0.8682410250342045,0.8682410250342045,1
400249,en,@Tindola @Fewbrix @PacheduZW @drjaytee87 @begottensun @PatsonDzamara Kuda is dangerous not sure why he is a darling of CCC he is like a woman that one. Ane guhwa,1,1,YES,YES,0.2902081608772278,0.7097918391227722,0.7097918391227722,1
400250,en,"@Schneiv @BillKristol They tell us we’re brood mares &amp; must die so cell clumps can live, carry our rapist babies &amp; want us to protest civilly yes he’s mansplaining protest nicely while we are moving toward enslavement. Polite little ladies NO.",1,1,YES,YES,0.2565666658709447,0.7434333341290553,0.7434333341290553,1
400251,en,"@BCredos @profamirattaran @Axe_Grrl I'm not wrong. You guys are. Mansplaining, bullying and gaslighting won't change my mind. Nice try though",0,0,NO,NO,0.5612521600350093,0.4387478399649906,0.5612521600350093,1
400252,en,Mansplaining the concept of a pee drawer to my partner (who want me),1,0,YES,NO,0.5956025301099578,0.4043974698900422,0.5956025301099578,0
400253,en,A game to play at home: Try to find a courtside spectator who isn't manspreading wider than their shoulders,0,0,NO,NO,0.5309744039468289,0.46902559605317107,0.5309744039468289,1
400254,en,wonwoo cross legs &amp; jun manspreading 🦋🦋🦋🦋 @pledis_17 https://t.co/2pFi9Lzeji,1,0,YES,NO,0.7127011034697623,0.2872988965302377,0.7127011034697623,0
400255,en,Going weak rn... PLAYING THE GUITAR?!?!?! MANSPREADING!?!??!?! I AM ON MY KNEES https://t.co/yKABMDXGmg,1,1,YES,YES,0.45635111760046726,0.5436488823995327,0.5436488823995327,1
400256,en,"“If you're homeless and you don't have valid identification like an ID or a birth certificate, you literally don't exist. ... It continues to marginalize people and keep them in a cycle of poverty”. Over the years, we tried to share hosting duty with John but he loves doing it.",0,0,NO,NO,0.8918950823514188,0.1081049176485812,0.8918950823514188,1
400257,en,@JoJoFromJerz That's because they're bullys- plain and simple.Don't understand it? Don't want to understand it? Don't want to think of a solution and actually fix the issue(s)?Deflect and lie about actually taking action while finding a person or group you can further marginalize.,0,0,NO,NO,0.8596389037478297,0.1403610962521703,0.8596389037478297,1
400258,en,@JunusAnna @DaphnaRedliner Why do you feel unsafe sharing a bathroom with a transwoman? Seems like some bigotry you need to unpack yourself. Not further marginalize an already marginalized group.,1,1,YES,YES,0.3542012168705101,0.6457987831294899,0.6457987831294899,1
400259,en,more bored than usual so I think I’m gonna masturbate &amp; play warzone lol join me live heauxs https://t.co/xdYj9Zhhdg,0,0,NO,NO,0.5367152690887451,0.4632847309112549,0.5367152690887451,1
400260,en,When male sex workers put STRAIGHT all caps in their bio I can't help but laugh cause they really get into this thinking only straight women are gonna masturbate to them its so bizarre,1,1,YES,YES,0.1840126745706502,0.8159873254293498,0.8159873254293498,1
400261,en,stay on Penis masturbate the Penis forever https://t.co/lOtwLsVr12,0,0,NO,NO,0.5632698200184214,0.4367301799815786,0.5632698200184214,1
400262,en,"The Gospels organize history into a metanarrative, an overarching story that climaxes in the full glory of Jesus Christ that declares Him to be all in all.2/2 Gage, Carpenter",0,0,NO,NO,0.9227369565179491,0.07726304348205094,0.9227369565179491,1
400263,en,2/3Chapter 1: Getting inside my headChapter 2: On TheoriesChapter 3: The Metanarrative of ChristianityChapter 4: Argument of EntitiesChapter 5: Argument from Personal ExperienceChapter 6: Human FreedomChapter 7: God’s Providence,0,0,NO,NO,0.9321287233906224,0.06787127660937765,0.9321287233906224,1
400264,en,"@JayCostTWS Some people interpreted TLJ has a metanarrative deconstruction of Luke, ""Star Wars,"" whatever. I meant it in that sense.",0,0,NO,NO,0.901957889690054,0.09804211030994603,0.901957889690054,1
400265,en,@kelammo @moshimotions @BryahnaChristy2 Of course I know misandry.  It's a different thing is all.,0,0,NO,NO,0.5984089017862736,0.4015910982137264,0.5984089017862736,1
400266,en,@jakepbm @GaeaPapaya @Brainramble24 @NeorenaissanceB @men_movie @A24 Can you confront your misogyny? Misandry is hardly a problem in the world by comparison and if it exists its a reaction to abuse,1,1,YES,YES,0.4693213384939038,0.5306786615060962,0.5306786615060962,1
400267,en,@duarteamanda Ya know…it’s crazy Roe v Wade initially started because a lie about black men. Here we are 50 years later we’re still catching strays because of what white men do to y’all. The black misandry is real no matter what party dems or republicans. https://t.co/VAmb4XDMLu,0,1,NO,YES,0.4121485948562622,0.5878514051437378,0.5878514051437378,0
400268,en,Most Women who don't like bathing went to girls school.😤,1,1,YES,YES,0.3433936442967441,0.6566063557032559,0.6566063557032559,1
400269,en,"@KS_Heart_Mom @zacthebottlejac @sourpatchlyds It's probably more common then they say it is, because most women will either ignore it, or chalk it up to some hormonal or some PP thing. Some women will not even connect it and just stop breastfeeding.",1,1,YES,YES,0.38388177060376233,0.6161182293962377,0.6161182293962377,1
400270,en,@ThetaTendies @TikTokInvestors most women nowadays look like this with no makeup. hard to find the good ones under ton of makeup.  always go on a date to the beach lol,1,1,YES,YES,0.33548039197921753,0.6645196080207825,0.6645196080207825,1
400271,en,"@jcollie @thevivafrei @ewarren I don’t need a man to tell me what to stand up for, thank you.",1,1,YES,YES,0.41726458072662354,0.5827354192733765,0.5827354192733765,1
400272,en,"@OgeOhanusi @Las_h_ley @A_Abby_Abi @jayythedope They aren't, because when a woman is financially stable she believes she doesn't need a man.",1,1,YES,YES,0.3108353614807129,0.6891646385192871,0.6891646385192871,1
400273,en,I need a MAN with this type of ENERGY ‼️#JuicyThroatXperience 🤤👅💦 https://t.co/RUL3kMsiXv,0,0,NO,NO,0.6403466653927167,0.3596533346072833,0.6403466653927167,1
400274,en,"""not all men"" u are absolutely right because steven grant would never treat me wrong",0,1,NO,YES,0.49464836748550134,0.5053516325144987,0.5053516325144987,0
400275,en,"@iamalittlehappy @Stonekettle Yeah. And your solution is? ""Not all babies"" is the current ""not all men."" Of course there's no one solution for every baby, but to say that there's no substitute for anybody is wrong.",0,0,NO,NO,0.6731373272281088,0.3268626727718911,0.6731373272281088,1
400276,en,"not all men look good with beard btw, pls stop trying to grow it out🫣",0,1,NO,YES,0.4859694242477417,0.5140305757522583,0.5140305757522583,0
400277,en,@SeanMc46114355 @piscesflowers On the audio from when his finger was cut off ! Even the  people that were there said she did it. She says she’s totally against cocaine but does cocaine. Tries to say the nurse is basically lying in her notes about her doing drugs. Everyone is lying but her!,0,0,NO,NO,0.751842237954073,0.248157762045927,0.751842237954073,1
400278,en,"@GregAbbott_TX One of these babies could have grown up to be the doctor that saved you after your tree accident greg. They could have been the paramedic that transported you, The nurse that cared for you... So many possibilities GONE... all because you do NOTHING to prevent these tragedies. https://t.co/YeaR1EIa3A",0,0,NO,NO,0.8908654914667384,0.10913450853326159,0.8908654914667384,1
400279,en,**New vacancy alert** EPUT is recruiting for Band 5 Substance Misuse Nurse . Click on the link now if you are interested in applying for this post https://t.co/OriEwM0Do0#Recruiting #EPUTProud #NHS @EPUTNHS,0,0,NO,NO,0.9429589020430224,0.057041097956977635,0.9429589020430224,1
400280,en,@TwitterParents Shoes that aren’t flat. Dresses that aren’t nursing friendly. Handbags that don’t hold a million little outfits. I want impractical things and an occasion to wear such things😆,0,0,NO,NO,0.8749429769763032,0.1250570230236968,0.8749429769763032,1
400281,en,Regulation for Nursing Practice Staff Development Meeting https://t.co/zanPgIs9RH,0,0,NO,NO,0.9629729081086191,0.037027091891380905,0.9629729081086191,1
400282,en,Geez I remember those days. And it’s been a really good bit since I was nursing. 1988. And still I remember the disappointment I felt in myself when I was unable to produce enough milk after 5 months. I had a cheap ass pump. https://t.co/QVqsE8Cy4c,0,0,NO,NO,0.8829163049782424,0.11708369502175762,0.8829163049782424,1
400283,en,@adbrowning1 I've basically got a simple AR model object that I'm updating in a loop for this benchmark. CRuby gets progressively slower the longer it runs. We shouldn't be 40x to 80x faster on this.,0,0,NO,NO,0.920567400161679,0.0794325998383209,0.920567400161679,1
400284,en,"@Ad8nfinitum to jar it for its crimes, and its cool object to show off to guests",0,0,NO,NO,0.8025848269462585,0.19741517305374146,0.8025848269462585,1
400285,en,@kathygriffin Hysterical that anyone wants to ban widely owned common firearms.     Stop blaming an object and stop trying to stomp on the god given rights of law abiding citizens. https://t.co/jmmN3y2Aoz,0,0,NO,NO,0.9587969195080833,0.04120308049191672,0.9587969195080833,1
400286,en,"@Coochie_Chariot female charas being flirty/sexy isnt always bad n i know digimon has always kinda had an objectification-of-women issue (most media does tbh?) but it seems to be nearly the ONLY way the game is interested in presenting women and it kinda sucks, esp since yea. the game IS good",1,1,YES,YES,0.22888176269043906,0.771118237309561,0.771118237309561,1
400287,en,@ShelleyKingsto3 @CNP_MacFarlane @CanadianinAB It's objectification &amp; dehumanizing. I saw someone take time out of their day to make a strong political point about Horwath 🙄(sarcasm) -- he Tweeted about how her photo looked like it had lots of photoshop. Such pathetic clowns.,1,0,YES,NO,0.5262722969055176,0.4737277030944824,0.5262722969055176,0
400288,en,"@David2426 @MRibnek Im not sure if you areseriously asking, but if so- using an object on someone is not how objectification occurs. The majority of objectification occurs without physical contact. It's about how the person is seen and conceptualized.",0,0,NO,NO,0.8730641733566549,0.12693582664334516,0.8730641733566549,1
400289,en,"Going to sleep soon but Im so furious about what is happening to women’s right to autonomy over in the states now.. Some men where i am complain that feminism has become oppression of men, but i dont think they realize the real fear women live with.. wondering if some day we too",1,1,YES,YES,0.2958686914326571,0.704131308567343,0.704131308567343,1
400290,en,"@Rtaylor515 Talique, the Church has so often proven itself undeserving of people such as you, but we are lucky to have you. Your resolve and that of others like you is the water which carves away the stone of oppression that underlies so much of the modern (especially yt) church. Thank you.",0,0,NO,NO,0.9077193601769304,0.09228063982306957,0.9077193601769304,1
400291,en,"@elonmusk @Astro_Angry Why bother going to Mars if life there is just going to be more of the same toxic sexism, racism and bigotry - the same horrible oppression, unfairness and inequality - that makes Earth a living hell for so many?",1,0,YES,NO,0.5393747687339783,0.46062523126602173,0.5393747687339783,0
400292,en,"""As a diverse and pluralistic country, America’s laws should not be based on a distorted and patriarchal interpretation of Christianity. Furthermore, the government should have no role whatsoever in a woman’s private healthcare decisions.""",0,0,NO,NO,0.5861584369492997,0.41384156305070036,0.5861584369492997,1
400293,en,"nobody is winning with this patriarchal dominance...nobody, not women, not men, not the planet! Time for big change! #evolution #thriving #balancedEnergies",1,0,YES,NO,0.5350150465965271,0.4649849534034729,0.5350150465965271,0
400294,en,"It was interesting to see other Swedes lying in english that the reason they didn’t feed children was because it would take away from their family time, etc. No, it’s survivalism, a patriarchal ‘this is the food we have for the winter, for our mouths, not others.’",0,0,NO,NO,0.6585886478424072,0.3414113521575928,0.6585886478424072,1
400295,en,"@tuckednuts Notice something else tho…Almost every single one, is a man. That’s such a fucking problem that this is how some men believe they should let out their angers and hatred. This society needs to do better, it does not even benefit the men. Patriarchy/misogyny fails everyone",0,1,NO,YES,0.3863448270353778,0.6136551729646222,0.6136551729646222,0
400296,en,"Ah here she is, working hard to promote the patriarchy, exploiting the light music club girls like ""porn victims"" by making them drink tea, eat cakes and occasionally play cute songs, or something... Also tricking young women into liking the show! How dare she! https://t.co/ffnB5L7WGT",1,1,YES,YES,0.22470998764038086,0.7752900123596191,0.7752900123596191,1
400297,en,"Galaxy brain concept: girl who transitions so she can wear menswear in a stylish, lesbicious sort of way that patriarchy doesn’t let men do https://t.co/wYIotXcAMP",1,1,YES,YES,0.3433627486228943,0.6566372513771057,0.6566372513771057,1
400298,en,"@REMARKSIST @x_snackage_x @SyndicalMarxist @warendenkform i dont understand why we'd be so invested in calling her some patrilineal name as though thats somehow more reverent, or empowering.",0,0,NO,NO,0.6103991270065308,0.38960087299346924,0.6103991270065308,1
400299,en,GC ideology in a nutshell. Patrilineal inheritance of peerages is grossly misogynist. It's literally a system that puts men before women. It's also transphobic in that it counts trans women as men.But the GC's problem is that a trans woman might get the peerage. https://t.co/oURmTBrrs8,1,1,YES,YES,0.28353516557603087,0.7164648344239691,0.7164648344239691,1
400300,en,@Mememarkets1 @CityBureaucrat @cursedsalad @TheCommander99 Unclear whether the article’s authors are aware the circumstantial line of genetic evidence they offer begs the reader to accept the possibility that one of Hitler’s patrilineal great grandfathers was Nubian.,0,0,NO,NO,0.8522257120743818,0.14777428792561817,0.8522257120743818,1
400301,en,"Sure do, what a complete and utter piece of garbage to print.  1. name her  2. don't just kill off.  3. A story from good doctor to Amoral mad doctor fueled patrilocal relationship with Vadar.  SW stop hiring fanboys to write for you challenge https://t.co/MGVSfwUTz0",0,0,NO,NO,0.6345810076344613,0.3654189923655386,0.6345810076344613,1
400302,en,"@SirRianna @KatyMontgomerie @OwenJones84 When people were in a mobile hunting and gatheringeconomic system. In such sytems patrilineal kinship reckoning  and patrilocal post-marital residence is extremely rare. ""Male dominance"" of social life is not really a thing. So.. for at least the last 200,000 years.",0,0,NO,NO,0.5613396000462889,0.43866039995371103,0.5613396000462889,1
400303,en,"It also tends to be couple with local residence according to the unilateral line - e.g. patrilocal residence, which furthers social integration of the clan &amp; prevents inter-breeding within the clan lines.",0,0,NO,NO,0.7745792865753174,0.22542071342468262,0.7745792865753174,1
400304,en,"@BetteMidler It’s in the TEAxASS code book of penis envy idiots that it’s guns over everything. Sad thing is it’s spreading and the more we try to stop it, the faster it spreads like the diseased idiots that support it.",0,0,NO,NO,0.6822115589506363,0.31778844104936366,0.6822115589506363,1
400305,en,"also once I tried to look up info on transmascs with PCOS and I got a """"""""""""""study"""""""""""""" that said we were just angry lesbians with penis envy who need to have our hormonal imbalances corrected 😎😎😎😎😎",1,1,YES,YES,0.3433407945436476,0.6566592054563524,0.6566592054563524,1
400306,en,Part of the experience of being a black man is dealing with the penis envy &amp; gossip mentality of other races of men. We just be chilling &amp; they be hating for no reason. It's definitely something that stays in the back of some of their minds. But men in general get along very well,0,1,NO,YES,0.40468454360961914,0.5953154563903809,0.5953154563903809,0
400307,en,"@Mistywoman1 Have I missed something, or has phallocentrism become the latest cult?",1,0,YES,NO,0.608461856842041,0.391538143157959,0.608461856842041,0
400308,en,Fuck's sake is it possible to have a furry space that's not explicitly content-restricted and doesn't immediately become yet another showcase for size-queen phallocentrism?,1,0,YES,NO,0.5526046486261278,0.44739535137387226,0.5526046486261278,0
400309,en,"Freud claims girls have a dicklet. The clitoris has phallic significance. Phallocentrism reduces even female genitalia to the Phallus. The other parts of the vagina, the clit, and more constitute the plurality of female sexuality. The clit coexists with non-phallic body parts.",1,1,YES,YES,0.42825090885162354,0.5717490911483765,0.5717490911483765,1
400310,en,"It is absolutely built into the language. Together with  conceptual correlates: light/dark, active/passive, strong/weak. Elementary my dear Watson. Check out Jacques Derrida who deconstructs these assumptions. #Phallogocentrism https://t.co/CVnwfUqVfy",0,0,NO,NO,0.7666573524475098,0.23334264755249023,0.7666573524475098,1
400311,en,seek the knowledges ruled by phallogocentrism disembodied vision inscribing new entries in the infidel heteroglosia in order to subvert totalizing theory in the demonology of technology to embrace the skillful task of https://t.co/QSQOuyhJAq https://t.co/KxDyjGYgmo,0,0,NO,NO,0.6913217306137085,0.3086782693862915,0.6913217306137085,1
400312,en,"Cyborg politics is the struggle for language and the struggle against perfect communication, against the one code that translates all meaning perfectly, the central dogma of phallogocentrism",1,0,YES,NO,0.7873775245640051,0.21262247543599494,0.7873775245640051,0
400313,en,"Good morning everyoneseeee, HAPPY SUNDAY 🥰❤️ https://t.co/gTeeCBLZLe",0,0,NO,NO,0.8220020655095885,0.17799793449041149,0.8220020655095885,1
400314,en,031B0038 :Battle IDI need backup!Lvl 150 Proto Bahamuthttps://t.co/UhXlFuZJAV,0,0,NO,NO,0.9332718849182129,0.06672811508178711,0.9332718849182129,1
400315,en,@ddaeng_team @BTS_twt With you Listen to #WithYou by #JIMIN of #BTS @BTS_twt   and Sungwoon https://t.co/tEHXuteGqv,0,0,NO,NO,0.89936151800637,0.10063848199362999,0.89936151800637,1
400316,en,"#GIZPakistan together with @PnD_Punjab, @EPD_Punjab and members of the academia organised a consultative session on ‘Climate Risk Assessment and Management in Punjab’ to discuss the mainstreaming of #ClimateChange in the curricula of the universities. (1/2)",0,0,NO,NO,0.9684367124980341,0.03156328750196588,0.9684367124980341,1
400317,en,@HEEEEEEEEEEE_ worse than shit coins pnd at least shitcoins can get out down 90%,0,0,NO,NO,0.9015718295467572,0.09842817045324279,0.9015718295467572,1
400318,en,@FoodbankFundra1 @systemconflict Gosh an impromptu consultation with twitter's obstetrician/psychologist who's waded in to splain what your problem is. Love to see serious mental health conditions being diagnosed from one's armchair. PND/OCD much maligned/mocked &amp; both kill people.Oh btw FF chill out love ✌.,0,0,NO,NO,0.8982684150080147,0.10173158499198534,0.8982684150080147,1
400319,en,https://t.co/DULcPDN9Xr@rudygobert27 stop it you ain’t stopping no 315 pound freight train,0,0,NO,NO,0.9156979782030288,0.08430202179697123,0.9156979782030288,1
400320,en,@AVFC_Talks No way he’s £100m pound player all day long .. There’s no one currently playing football that can compete with him … he’s done more in half a season than most ballers do in 5 seasons so must be with 10 to 20 x the usual .. 😜,0,0,NO,NO,0.9227489508017584,0.07725104919824151,0.9227489508017584,1
400321,en,@LaceyRoseeeeeee @OliveCelesteof Eat out both holes and then slide my dick in you and pound you till you squirt,1,1,YES,YES,0.3801839762980931,0.6198160237019069,0.6198160237019069,1
400322,en,@BNONews it’s ironic that the majority of the people happy about this in the comments are people who can’t get pregnant,1,0,YES,NO,0.6194074976797403,0.38059250232025965,0.6194074976797403,0
400323,en,Had a dream that I was at a party with my friend and Bill Gates showed up and I said to my friend look at his pregnant ass belly,0,0,NO,NO,0.6187252998352051,0.3812747001647949,0.6187252998352051,1
400324,en,Ovulation really do making me feel pregnant and i don’t appreciate it.,0,0,NO,NO,0.6795642375946045,0.3204357624053955,0.6795642375946045,1
400325,en,@LauraMiers unconscious fetishization of the puritan work ethic is why,0,0,NO,NO,0.7648851415583406,0.2351148584416593,0.7648851415583406,1
400326,en,@ThottonMather I respect most parts of New England Puritan culture so I'll let this one slide,0,0,NO,NO,0.9016858993955911,0.09831410060440894,0.9016858993955911,1
400327,en,really not tryna be around anyones puritan ass parents anyway i am an adult https://t.co/ThUh2thWzS,0,0,NO,NO,0.6924704313278198,0.3075295686721802,0.6924704313278198,1
400328,en,"@realTuckFrumper MAGA TRUMP WALL is NOT to keep people out of but to          Force Pregnant Women to STAY INregardless of rape, incest, or risk to life. https://t.co/Uku25Fnlbe",1,1,YES,YES,0.2775859832763672,0.7224140167236328,0.7224140167236328,1
400329,en,"@AquariusElayne @MissMaryMcInOR @DarbysCastle @EileenM60933733 Sharia law in the religion of Islam allows abortion before the 5th montha for Rape, Incest, Mental/Physical health, or Life of Mother is at risk. After the 5th Month, abortion allowed only to save the life of the Mother.",0,0,NO,NO,0.5436818599700928,0.4563181400299072,0.5436818599700928,1
400330,en,tw // rape💀💀💀💀💀💀💀💀 i hope i never hear of him again https://t.co/c94xGB2hqh,0,0,NO,NO,0.7131142616271973,0.28688573837280273,0.7131142616271973,1
400331,en,@in_alonelyplace @braviary HOLY SHIT REPRESSED MEMORY https://t.co/wOSzdkGLi1,0,0,NO,NO,0.633334796627319,0.36666520337268105,0.633334796627319,1
400332,en,@LMc2607 @FJLightning007 No I don’t keep talking about your ass! Are you a repressed homosexual perhaps? I heard aos is popular with the gays! It’s ok to be gay you know,0,0,NO,NO,0.5628476999492824,0.4371523000507176,0.5628476999492824,1
400333,en,"@JohannesTEvans my favourite of yours (as of yet) is The Poet and Provocateur. Echo especially is a character that makes me feel a lot of things, I feel oddly charmed by his impulsive chaotic and self-destructive decisions. absolutely adore our repressed Jared who is never called by his name",0,0,NO,NO,0.8593034488170311,0.1406965511829689,0.8593034488170311,1
400334,en,"This week we learn about the City of Atlanta’s plan to replace of the largest urban tree canopy in the US w the largest police training compound. A massive movement grows against the plan, despite violent police repression. @defendATLforest 🪁 https://t.co/RwgbiSLuI7",0,0,NO,NO,0.9639868377154008,0.03601316228459916,0.9639868377154008,1
400335,en,"@GuntherEagleman Putin saw how bad Ukraine was treated in the US by MAGA , saw how popular he was with MAGA in the US and really believed that many in Ukraine would be like MAGA, but then reality hit him when they decided they liked freedom and life over being Tread on with repression and force.",0,0,NO,NO,0.951312835799042,0.04868716420095803,0.951312835799042,1
400336,en,"That's rich coming from representatives of a country full of history of armed repression against unarmed protestors (in nutshell, human rights violations). These guys think still East India Company is ruling India (hence trade issue) https://t.co/8mc9s579Sn",0,0,NO,NO,0.947291290286604,0.05270870971339605,0.947291290286604,1
400337,en,@jacanamama New sex role reversed (polyandrous) birds to study?,0,0,NO,NO,0.5886030197143555,0.41139698028564453,0.5886030197143555,1
400338,en,"@lemio01 @project_brsDF Smiley's sex role may be reduced in making the next EP, he's a sex villain anyway since Smiley is the representative for the Hentai Loli artist. 🤔💙💚",0,0,NO,NO,0.5879573471571596,0.41204265284284036,0.5879573471571596,1
400339,en,"@SamiMac7 @SBSNews Be as feminine, masculine, &amp; the whole range of human expression that falls outside those two stunted sex-role-stereotypes (gender), in whatever body you were born in. But sexed bodies have ramifications, especially 4 females, &amp; transgressing those boundaries are dangerous 4 ♀.",0,1,NO,YES,0.4889621138572693,0.5110378861427307,0.5110378861427307,0
400340,en,"@LadyDoctorSays I'm not a sexist at all, women should be empowered, roe v Wade is the law of the land, but I'm so confused.",0,1,NO,YES,0.2935680361518849,0.7064319638481151,0.7064319638481151,0
400341,en,"@Amer1can_Barbie Exactly how I feel. I’m gonna be alone for sure, it’s almost sexist/racist/whatever else ist just to ask this anymore",0,1,NO,YES,0.4623392660122891,0.5376607339877109,0.5376607339877109,0
400342,en,All humans are fallible and to assume that women are *always* the victim is demeaning and sexist. To say all men are the attacker is demeaning and doesn't lend itself to justice. Anyone can be a victim. Where I blame Johnny is that his mom did this to him. He knew what she was.,1,1,YES,YES,0.21300911903381348,0.7869908809661865,0.7869908809661865,1
400343,en,"""Calling A Man Bald Is Sexual Harassment"" https://t.co/MiSGkB89bs via @YouTube",0,1,NO,YES,0.40692734718322754,0.5930726528167725,0.5930726528167725,0
400344,en,"According to the Human Rights Commission, 1 in 3 people experience sexual harassment at work. We have created an online course  providing strategies to prevent and respond should incidents occur. Start your course at: https://t.co/yC40T3cJao #guardianpst https://t.co/oTwKxFqxQN",1,0,YES,NO,0.5161019563674927,0.4838980436325073,0.5161019563674927,0
400345,en,"@jakeshieldsajj Elon Musk was asked to comment on a sexual harassment story at 9am, asked for more time, and a couple hours later announces he's a Republican and they're going to attack him for saying soand you stupid motherfúckers ate that shit up with a spoon",0,1,NO,YES,0.34845101833343506,0.6515489816665649,0.6515489816665649,0
400346,en,"@GoodReddit I’ve actually always been against labeling my sexual identity and I still don’t, but that includes straight as much as any other label. This guy really does have a big “straight is normal” complex",0,0,NO,NO,0.7009143829345703,0.2990856170654297,0.7009143829345703,1
400347,en,@ekwonudaniel1 Don't judge otters people sexual identity. #love #is #love,0,0,NO,NO,0.7421673536300659,0.2578326463699341,0.7421673536300659,1
400348,en,@Marxchosias @AHart1974 @AyoCaesar That’s what I’m trying to say. Biology has no utility in the discussion of gender and sexual identity. I thought you were agreeing with the original bozo who thinks it’s relevant to say Penis=Biological Male which is an over simplification in itself but also is not useful.,0,0,NO,NO,0.6521294518670603,0.3478705481329397,0.6521294518670603,1
400349,en,"@townhallcom I don’t care what gender, race, religion,sexual orientation a person is as long as they are qualified for that position. That being said, is she qualified based on experience/education or was she chosen solely because she is black and gay to please progressives/woke. Just saying.",1,0,YES,NO,0.5462137460708618,0.4537862539291382,0.5462137460708618,0
400350,en,Now Available - Online FirstExploring the Potential for Smoke-Free Laws to Reduce Smoking Disparities by Sexual Orientation in the USAhttps://t.co/4MEF38YP4F,0,0,NO,NO,0.8002972602844238,0.19970273971557617,0.8002972602844238,1
400351,en,"The bill defined conversion therapy as practices intended to change a lesbian, gay, bisexual, transgender or queer individual’s sexual orientation, gender identity or both. https://t.co/EUsvE4dSvU",0,0,NO,NO,0.7008942365646362,0.29910576343536377,0.7008942365646362,1
400352,en,ppl assuming joe and kit's sexuality and insulting joe's appearance..... why would you even ???? you do know theyre still teenagers right and can clearly see everything on here ???? like what???,0,0,NO,NO,0.531638578523355,0.4683614214766449,0.531638578523355,1
400353,en,“People are born gay”Spoken by people who have never been around babies/children for a consistent basis ever.Who are also ignorant to what they are even implying by saying someone is born with a sexuality. https://t.co/RCn1DIlZws,0,0,NO,NO,0.6676855087280273,0.33231449127197266,0.6676855087280273,1
400354,en,"@percybvths it’s something i’ve noticed the entire series, not only in regards to sexuality. they portray this dreamlike idea of the 80s and even though there’s monsters and gore it’s still a romanticised version of the 80s with the attempt to make it prettier than it was.",0,0,NO,NO,0.7028340520163805,0.29716594798361945,0.7028340520163805,1
400355,en,@clement_diolot @dgreenmachine @JamesGunn I remember printing that coyote for a suicide squad shirt lol @JamesGunn,0,0,NO,NO,0.7844898583816013,0.2155101416183987,0.7844898583816013,1
400356,en,Check out this listing I just added to my #Poshmark closet: Coed Naked Beach Volleyball Unisex Adult S/S White Tee Shirt. https://t.co/F62wWJW8tp #shopmycloset @poshmarkapp,0,0,NO,NO,0.9089445471763611,0.09105545282363892,0.9089445471763611,1
400357,en,Check out this listing I just added to my #Poshmark closet: Yellow Polo Shirt Tommy Hilfiger Women’s LARGE. https://t.co/MQa2sZQz2m #shopmycloset @poshmarkapp,0,0,NO,NO,0.8916257422399108,0.10837425776008924,0.8916257422399108,1
400358,en,"‘Hot dawn hit the tower block and made it dance: skank one-time, pirouette, a jitterbug, wine-down low, stop for a moment, hammer-time; flairy, 6-7-8.’ We now hear more shortlisted fiction, with @leoneross opening @McrWritingSchl @ManMetUni",0,0,NO,NO,0.8133268598713536,0.1866731401286465,0.8133268598713536,1
400359,en,"@DADiClementi It just shows how money rules the world. I'm so disappointed that Ripley's would even allow it out of the building and to let that Reality Skank get it was an incredible insult. I was waiting for an SUB full of armed robbers to overtake her. In the end, Khloe looked better.",1,0,YES,NO,0.7589106559753418,0.2410893440246582,0.7589106559753418,0
400360,en,Got a new bitch cause my old one couldn’t keep up wit the lifestyle fuck that lil skank .. had to get rich now I got funds to do the things that I want now wit no complaints ..,1,1,YES,YES,0.34570634365081787,0.6542936563491821,0.6542936563491821,1
400361,en,"@NathanMckenziee @robin_grant_85 @CoachUdofia Yes they do BUT they contribute a hell of a lot more and have a major impact on the team that it’s impossible to drop them or even think about rotating them. No one’s trying slag Pepe off for the sake of it, we’ve all wanted him to do well and succeed",0,0,NO,NO,0.9175289273262024,0.08247107267379761,0.9175289273262024,1
400362,en,can bereal hurry the FUCK up oh my god i swear to god you dumbass fucking app give me my 2 minutes already you actual slag,0,0,NO,NO,0.6156161427497864,0.3843838572502136,0.6156161427497864,1
400363,en,@iitzkeisha I kinda get her point but a slag is too far off for me 😭 https://t.co/Vh0tq57Qc6,1,0,YES,NO,0.8044928432180412,0.1955071567819589,0.8044928432180412,0
400364,en,"@djxmenez yea back when i didn’t even have one to slap, unfortunate !",1,0,YES,NO,0.8005874514404698,0.1994125485595301,0.8005874514404698,0
400365,en,"#ONEPIECE1051 SPOILERS!................Look, I love Yamato, but he needs a bit of a slap to leave the Oden name and sail with SHP as himself.. 💁🏻‍♀️I'm sure Luffy thinks the same 🤷🏻‍♀️Yamato, please be yourself and leave the name oden, damn it 💀🙏🏻 https://t.co/AscUC1bAQk",0,0,NO,NO,0.8747842051153122,0.12521579488468781,0.8747842051153122,1
400366,en,Wen I'm rich I hope the broke nigga in me survives cuz I ain't ever paying 54 bucks for a salad. I hope the trenches slap that shit outta my hand.,0,0,NO,NO,0.5512459874153137,0.4487540125846863,0.5512459874153137,1
400367,en,It's not a trap-per it's a knee slapper. - Drinking a Trappers by SYC Brewing Co. @ Branden Arthur Memorial Gardens  — https://t.co/pMqfP4kTux,0,0,NO,NO,0.8080734255335755,0.19192657446642442,0.8080734255335755,1
400368,en,"The whole my money don’t jiggle jiggle is cool, but the 2nd verse of the song is the REAL slapper",0,0,NO,NO,0.7439960989954413,0.2560039010045587,0.7439960989954413,1
400369,en,@Treetop32243990 @aw4ke777 This is the first day I’ve ever said anything on my Twitter about that slapper.  You must looking in the mirror.  Deflection is a helluva drug.,0,0,NO,NO,0.822744082048888,0.17725591795111192,0.822744082048888,1
400370,en,making myself cum like a good slut😖 https://t.co/4SGQ0zOSwR,1,1,YES,YES,0.4171406626701355,0.5828593373298645,0.5828593373298645,1
400371,en,I’m just a pretty little freaky black slut who wants to be filled up with cum and treated like a princess 🥰 Look at the view 🥵  scenes from my first scat video :) #nsfwtwt #blonde #babygirl #creamyebony #creamypussy #daddysgirl #horny #ebonyteen #slut #useme #dmme https://t.co/EVIBF3apqp,0,1,NO,YES,0.2191024524775935,0.7808975475224065,0.7808975475224065,0
400372,en,It’s giving u lost ur bitch and now u sad.. move around slut,1,1,YES,YES,0.1829729676246643,0.8170270323753357,0.8170270323753357,1
400373,en,jealous plss TALK ABOUT HIS NEW ALBUM U WRINKLY SLUTBAG,1,0,YES,NO,0.5638898611068726,0.43611013889312744,0.5638898611068726,0
400374,en,@gnasty999 @thatguyloreto Der I literally took it last night slutbag,1,1,YES,YES,0.24765197946715478,0.7523480205328452,0.7523480205328452,1
400375,en,@PlanB55303541 @poniesnbourbon Not everyone has time or desire or energy to actively physically seek out a partner.  Men you meet in rl are married or in relationships too.  My ex met his slutbag at Barnes and noble on a weeknight,1,1,YES,YES,0.3309324580986773,0.6690675419013227,0.6690675419013227,1
400376,en,"Certain gut microbes may affect stroke risk and severity, scientists find https://t.co/UtC6QNTML5",0,0,NO,NO,0.8897107839584351,0.11028921604156494,0.8897107839584351,1
400377,en,@EUstaran This illusion of control over personal information via consent is outdated and irrelevant for our digital society.,0,0,NO,NO,0.9120397243511594,0.08796027564884054,0.9120397243511594,1
400378,en,"Big Lie.Sweden's Prime Minister said this year that generous, affluent Sweden's unassimilating Moslems are (his words) a ""parallel society.""Multiculturalism can't work. https://t.co/hAWc9sKKVc",0,0,NO,NO,0.7764875773118798,0.22351242268812027,0.7764875773118798,1
400379,en,@therealjomartin What about young girls who want to buy guns? So we forcefully sodomize them as well? I am pretty positive rape is considered a heinous crime. Is anal rape now okay if a firearm is involved?,1,1,YES,YES,0.2072082757949829,0.7927917242050171,0.7927917242050171,1
400380,en,"@VictorHV83 @CP3 Sound like the typa nigga to let his boss sodomize him cause the job comes with perks. Stfu, keep that dick in ya mouth, nd stay way the fuck out there wherever u nd that ignorant ass comment was thought of.",1,1,YES,YES,0.41748246058717137,0.5825175394128287,0.5825175394128287,1
400381,en,"@NoContextZnzz but you can enter my heart anytime baby i want u to sodomize me emotionally huhuhu,,,🧛🏻‍♀️🐰🍆👅",1,0,YES,NO,0.5942871393475789,0.40571286065242107,0.5942871393475789,0
400382,en,6 Hot Reasons Why Men Like Spanking Women https://t.co/aeRcWhwXw7 via @yourtango,1,1,YES,YES,0.21413619602538322,0.7858638039746167,0.7858638039746167,1
400383,en,"In movies and TV shows of the 1950s and 1960s, men would spank women who had gone astray or whatever, reminding us that all punishment must include a physical element as well.",1,1,YES,YES,0.19559819672096948,0.8044018032790305,0.8044018032790305,1
400384,en,"Yesterday I learned about the Easter Whip (pomlázka) tradition practiced in Slovakia, where, on Easter Monday, men spank women and get paid for it.I have too many questions…",1,1,YES,YES,0.25689440965652466,0.7431055903434753,0.7431055903434753,1
400385,en,"@warmleyjay @chrisconfessed I find most middle class people have a certain idea of what poor people are like and people on benefits and it's kinda like cookie cutter poor people, they will be smoking, they will drink lager out of cans, they will dress badly or tarty or chavvy... It's just tired stereotyping",0,0,NO,NO,0.8182497268393555,0.18175027316064457,0.8182497268393555,1
400386,en,@2WayIntrsctn @cloud154532 @IGN So you stereotyping someone based on their appearance is what makes you some form of enlightened individual as opposed to a throwback racist cretin? Got it judge people by the race and appearance according to this guy...,0,0,NO,NO,0.7135157585144043,0.2864842414855957,0.7135157585144043,1
400387,en,@MatinandMorgan @HIPHOPDAY10 They always do this after an entertainer attracts a white audience and gets big... start claiming bw don't listen that type of artist. They love stereotyping &amp; boxing us in just like society does to blk ppl in general. Smh,0,0,NO,NO,0.8293858766555786,0.1706141233444214,0.8293858766555786,1
400388,en,"Every person should have the right to voice their own opinion, and every other person should have the right to call your opinion stupid.It’s how we grow.",0,0,NO,NO,0.889829211820913,0.11017078817908693,0.889829211820913,1
400389,en,@MMCrypto You ask the same stupid question 20 times a day,0,0,NO,NO,0.8161602847504489,0.18383971524955114,0.8161602847504489,1
400390,en,Super Funny 'So I Fixed It' Solutions - Are They Genius Or Stupid? https://t.co/2gUwCMr187,0,0,NO,NO,0.8206233733706662,0.1793766266293339,0.8206233733706662,1
400391,en,Say NO to the Superwoman Syndrome 😎 - https://t.co/THLoRPc5EW https://t.co/lKAifAzzNK,1,0,YES,NO,0.5679923126699832,0.4320076873300169,0.5679923126699832,0
400392,en,"being a lesbian, i’ve noticed tht most connections are started with inappropriate emotional dumping about past situationsthis is when “superwoman syndrome” is created bc we “believe” it’s our place to bear the burdens of this woman at the expense of ourselves",1,1,YES,YES,0.3045038399396038,0.6954961600603962,0.6954961600603962,1
400393,en,Superwoman Syndrome - It's all too real and debilitating for this gal https://t.co/w2N9Ne3wi4,1,1,YES,YES,0.49907630681991577,0.5009236931800842,0.5009236931800842,1
400394,en,"@SACarrow @Teri_Kanefield US is ungovernable unless the same party holds the House &amp; has a Senate super majority, which I don't think the Ds will ever achieve again in my remaining lifetime due to structural disadvantages &amp; voter suppression...or else kill the filibuster.",0,0,NO,NO,0.9471285696003053,0.052871430399694684,0.9471285696003053,1
400395,en,"@Frank61pc @AltMediaWatch The current sentence is due to him refusing his bail conditions before the charges for the suppression order,charges are faced.In this current trajectory he faces prison all the way to the trial he appears wants.",0,0,NO,NO,0.9351521134376526,0.06484788656234741,0.9351521134376526,1
400396,en,@MikeSilvaMedia It’s not as though Pete is showing anyone up. You’re allowed to be excited when you do well. The dinosaurs are dead and so is thinking emotional suppression is good.,0,0,NO,NO,0.8610357046127319,0.13896429538726807,0.8610357046127319,1
400397,en,@themajestysmen @SBCHeifer @cuatronelson Yes it makes sense. The SBC is not the Boys Club.,0,0,NO,NO,0.7592270487431743,0.2407729512568258,0.7592270487431743,1
400398,en,How do we end the boys' club vibe of politics? Join us for this event with @5050Parliament to discuss and plan https://t.co/dZGxv2Rpf0,0,0,NO,NO,0.7586794012588174,0.24132059874118267,0.7586794012588174,1
400399,en,@Frogger2175 @TorontoStar @JennValentyne A member of “ the boys club” speaking “ so you just assume all the women that have confirmed his behaviour are lying? https://t.co/ZZ9quAfpro,1,1,YES,YES,0.47914639239630746,0.5208536076036926,0.5208536076036926,1
400400,en,@BassdotEXE_ Jewel shivers. He can feel the gaze and he would rather be anywhere else at the moment.,0,0,NO,NO,0.8805856103097685,0.11941438969023159,0.8805856103097685,1
400401,en,can we talk about the gaze hee got duch a beatiful eyes https://t.co/UW8QoNbjxq,0,0,NO,NO,0.7240104079246521,0.2759895920753479,0.7240104079246521,1
400402,en,THE FLOWERS THE GAZE GOD HE AND THE PICTURE ARE PURE ART https://t.co/rNKC4nlnNo,0,0,NO,NO,0.6737126111984253,0.3262873888015747,0.6737126111984253,1
400403,en,@GOP But the child raped by her FATHER will be sacrificed for the fetus...But the woman raped by the MAN will be sacrificed for the fetus.But the teen impregnated by a MAN who used her will be sacrificed for the fetus.SEEMS LIKE 'MEN' ARE THE PROBLEM.,1,1,YES,YES,0.2588353157043457,0.7411646842956543,0.7411646842956543,1
400404,en,VeeCon commencement speech by the man himself 👀 https://t.co/TLfisRESS6,0,0,NO,NO,0.8736497704945676,0.12635022950543243,0.8736497704945676,1
400405,en,"@JEDlRAGE Jesse had never known his father as anything but the half machine that raised him. Hearing the voice of the man that felt so familiar yet so foreign already had him stunned, but looking up to the the glowing figure infront of him only added to the tension. His hand immediately +",0,0,NO,NO,0.8594555598659647,0.14054444013403533,0.8594555598659647,1
400406,en,no one agreeing with my tits boobs cunt and puss tweet- WE ARE FALLING APART AT THE SEAMS,0,1,NO,YES,0.2382195733916505,0.7617804266083494,0.7617804266083494,0
400407,en,"@TheNon_Nun Never knew you all share tits, how did we stop being pals again yeah ?🌚",1,1,YES,YES,0.21480836824153757,0.7851916317584624,0.7851916317584624,1
400408,en,BOUNCEEYYYY BOOBIEEEESSSSSS #hookup #BOUNCEY #boobs #boobie #tits https://t.co/lUAuZkT5w3,1,0,YES,NO,0.5319106578826904,0.46808934211730957,0.5319106578826904,0
400409,en,@UberFacts Today’s women eye makeup. And those nails too.,0,1,NO,YES,0.44510483741760254,0.5548951625823975,0.5548951625823975,0
400410,en,On today’s Women’s Sport Show on @BBCRadioLondon with @ejrainfordbrent 1-2pm✨🏎@catierallye1 on @ExtremeELive success🏆@michellegatting’s all female team in @24hoursoflemans📖A catch up with @MissBPritchard author of @NoPointsBook🌹@Liv_Tchine in the Vitality Roses squad…,0,0,NO,NO,0.8134048934756252,0.1865951065243749,0.8134048934756252,1
400411,en,"#Women should focus on money freedom, and not retirement! Today's women may still think about #retirement as ""not having to work.""  Read why! &gt; https://t.co/ZUqeOoDpIg#financialplanning #financialadvisor #financialfreedom #retirementplanning #empoweringwomen #albuquerque #ABQ https://t.co/O3AFiAhK87",1,0,YES,NO,0.5310989301741761,0.4689010698258239,0.5310989301741761,0
400412,en,Can't take my eyes off you You'd be like Heaven to touch I wanna hold you so much ❤️❤️,0,0,NO,NO,0.8519087522084264,0.14809124779157354,0.8519087522084264,1
400413,en,@gerrylynch @Choyaa13 @Declanworld The Gerry Kelly poster at the exact spot where his organisation murdered a 14-year old schoolboy was a particularly special touch.,0,0,NO,NO,0.8237709753581591,0.17622902464184093,0.8237709753581591,1
400414,en,@DrJLush @drcadesky @BCFamilyDoctors @BCCFP @JRossfamilymed @dr_rdosanjh @JoshGreggain @drawolak Yes - Dix is really out of touch with the medical reality. I do believe we need a medical doctor as a Health Minister. We can't have another Dix coming up next.,0,0,NO,NO,0.8994756668962339,0.10052433310376604,0.8994756668962339,1
400415,en,"He’s a rich, busy man that wants a trophy wife. Nothing surprising in that article. Good read though. https://t.co/kTpwkskA3z",1,1,YES,YES,0.25679073502989813,0.7432092649701019,0.7432092649701019,1
400416,en,"@MysterySolvent Okay confess fuckers.  As soon as I said that, you pictured Gary Busey boinking Giuliani's cousin and Trumps trophy wife.  I know I did, and if that has to stick in my head, you have to share in that too.  🤣🤣🤣🤣",1,1,YES,YES,0.3810180425643921,0.6189819574356079,0.6189819574356079,1
400417,en,then proceeded to have the audacity to inform me that it was 8am and “too early” for trophy wife/gf talk,1,1,YES,YES,0.33770251274108887,0.6622974872589111,0.6622974872589111,1
400418,en,"If you don’t report this problematic bitch on tik tok fys, idc if you hate the group/s they talk about idc they shouldn’t exist they should be gone I truly don’t care go report, these accs shouldn’t exist like I know they’re ugly irl and I don’t want them NEAR tubatu https://t.co/iFXSqfW6LG",1,1,YES,YES,0.4276466369628906,0.5723533630371094,0.5723533630371094,1
400419,en,"#LUNA The Good, The Bad &amp; The Ugly!🙂 The Good: It isn't the first time $LUNA drops by  &gt;80%... Check out what happened next! 👀 ☹️ The Bad: @stablekwon hasn't issued any updates on the ""recovery plan"" for $UST😭 The Ugly: The next potential support for #Terra sits at $7.72 https://t.co/srz1jzawcR",0,0,NO,NO,0.9300972431174794,0.06990275688252055,0.9300972431174794,1
400420,en,@AngelFGC I went to someone’s house and played and he had a bunch of those super bright and ugly ass skins installed. It literally hurt my eyes to look at some of the skins it was horrible,0,0,NO,NO,0.7303440353171815,0.2696559646828185,0.7303440353171815,1
400421,en,"@maria56_lamb I packed my hubbies case when we were going to a wedding in england, told him to pop his underpants in.  Gets to England, he puts his kilt outfit on and everyone discovered what a true scot doesn't wear under his kilt.  If I don't do it, it doesn't get done.  Men!",1,0,YES,NO,0.6916686502596334,0.30833134974036663,0.6916686502596334,0
400422,en,6 yo discovered he reads fast enough to tackle chapters. This week read:1-3 Captain UnderpantsGoosebumps #GNAll CatstronautsRevolting RhymesGetting nostalgia for my kid self reading horror under the covers. Fav adventure &amp; horror lower #MG #kidlit (wants illustrations)?,0,0,NO,NO,0.9098809821921441,0.09011901780785593,0.9098809821921441,1
400423,en,Fellow Patroits I am so Patroitic to @realDonaldTrump I'd even use the French fry grease accumulating in His taint to cook my food and scent my American Flag thong underpantsI'm THAT Patriotic. Bet you can't be more Patroitic than that! 🇺🇸🇺🇸🇺🇸🇺🇸🇺🇸,0,0,NO,NO,0.827992856502533,0.17200714349746704,0.827992856502533,1
400424,en,"@Grace_undiluted There's something with girls and toxic guys. It's like ant to honey. Trust me after all this heartache, all this homie has to do to knack her again na to just send ""hi pretty. Missing you"" and she will come running back. I stopped trying to understand women a long time ago.",1,1,YES,YES,0.21506333351135254,0.7849366664886475,0.7849366664886475,1
400425,en,@bhargavtata0 oh so now u can’t understand women’s words??????,0,1,NO,YES,0.3103514128713958,0.6896485871286042,0.6896485871286042,0
400426,en,That's why they always tell you..you will never understand women. https://t.co/Q6KaaNVYRL,1,1,YES,YES,0.22080560860617135,0.7791943913938286,0.7791943913938286,1
400427,en,fainted wearing a Very short skirt and no one could legally touch me so i just had my ass out until the nurse came 😭 https://t.co/qwi7fyO98B,1,1,YES,YES,0.24335636963378282,0.7566436303662172,0.7566436303662172,1
400428,en,the question is do i wear the very short skirt that literally shows my ass with kneehighs or opt out for a short 🤔,0,1,NO,YES,0.214541494846344,0.785458505153656,0.785458505153656,0
400429,en,@Madam_PB @AladyPL You didn't by any chance take a pic of a very short skirt ? 🙈,1,1,YES,YES,0.21045349851926415,0.7895465014807359,0.7895465014807359,1
400430,en,@a7_FIN_SWE I just laugh at how angry and pathetic they are. Like a whining toddler having a meltdown. Always playing the ‘victim card’ when they are the ones that’s causing all the problems. That's embarrassing.,0,0,NO,NO,0.7125219702720642,0.2874780297279358,0.7125219702720642,1
400431,en,im so annoyed by ex mutuals who hurt my friends &amp; suddenly act like everything's good when its been a couple months &amp; they can suddenly try to befriend me again &amp; when i dont forgive them they pull this victim card shit on my own friends like how dare you???,0,0,NO,NO,0.8610587587794847,0.13894124122051535,0.8610587587794847,1
400432,en,"When aal powerful Media is in India, than who the hell r this in foreign... @vivekagnihotri successfully playing victim card.. https://t.co/m2UXw5rDdg",0,0,NO,NO,0.9082626104354858,0.09173738956451416,0.9082626104354858,1
400433,en,BUT YOUR GIFT IS WASTED ON ME???????? SHUT THE FUCK USPSNWOMSKW THATS WHEN I JUST STARTED BAWLING THATS WHAT SIMPLY DID IT FOR ME HE’S SO VULNERABLE AND OPEN IN LITTLE FREAK IM A FUCKING MESS,0,1,NO,YES,0.42976852832845025,0.5702314716715498,0.5702314716715498,0
400434,en,"The worst part is that you also have to be careful about someone seeming too sympathetic and understanding of your struggle, because with the internet comes fetishists and with real life comes the ones who are eager to take advantage of a vulnerable person. It’s a sick world",0,0,NO,NO,0.6907129287719727,0.30928707122802734,0.6907129287719727,1
400435,en,@Conservativeind @Vixen95Trish ?? Wtf?Don’t stress Kimberly I’d treat a man the same way - extremely poor effort to defend your grifting off vulnerable people.,0,1,NO,YES,0.4676512162477503,0.5323487837522497,0.5323487837522497,0
400436,en,"Mushroom, you attention whore, stop biting my foot.",1,1,YES,YES,0.14287806834462183,0.8571219316553782,0.8571219316553782,1
400437,en,@CosmoGirlMuse @susie_blyth @PeelPolice I would rather My child be a virgin then a whore like you and your child. You just sound like a bad person,1,1,YES,YES,0.17889218456195685,0.8211078154380431,0.8211078154380431,1
400438,en,@90dayfianceEtc Such a true statement. She looks like whore.,1,1,YES,YES,0.1556466943674282,0.8443533056325718,0.8443533056325718,1
400439,en,"Woman driving beside me a few minutes ago holding her phone to her ear with her shoulder, while holding a mug of coffee.""Baby on Board"" sticker on both rear windows.",0,0,NO,NO,0.5288603621041991,0.47113963789580093,0.5288603621041991,1
400440,en,@CheriJacobus My new favorite meme is the pregnant woman driving in the Oklahoma HOV lane telling the state trooper who pulled her over that she is driving with another person..,0,1,NO,YES,0.458740234375,0.541259765625,0.541259765625,0
400441,en,"An unarmed Black woman driving a car with a ""broken tail light"" is more dangerous than a white supremacist terrorist who murdered 10 people.",1,1,YES,YES,0.4272182242404356,0.5727817757595643,0.5727817757595643,1
400442,en,@TheStudyofWar @Reuters ISW published the fakest crap of any of the maps. They are just a front for the US State Department. They are fake news. Victoria Nuland is the woman directly involved in the armed overthrow of the Ukraine government in 2014. https://t.co/5FEZYiAWzx,0,0,NO,NO,0.7687562360425486,0.23124376395745141,0.7687562360425486,1
400443,en,"@jedizor0 I am non-binary and also lean into my femininity, most of the time I am content with being afab &amp; being seen as a woman &amp; embrace it. Other times I simply want to be a genderless thing that exists.",0,1,NO,YES,0.40520313947182063,0.5947968605281794,0.5947968605281794,0
400444,en,"@davrola @sjgiardini Women before soy oil and corn syrup.Those were just typical woman. Average, back thenn/",1,1,YES,YES,0.3515712216028207,0.6484287783971793,0.6484287783971793,1
400445,en,@yesitsSimone So why tf ya call it femism shouldn’t it be womanism if that’s the case?,1,1,YES,YES,0.3492453098297119,0.6507546901702881,0.6507546901702881,1
400446,en,"Feminism VS Womanism""Hudson-Weems identifies further differences between womanism and feminism being; womanism is ""family-oriented"" and focuses on race, class, and gender, while feminism is ""female-oriented"" and strictly focuses on biological sex related issues women face."" https://t.co/D5p9VCPTmn",0,1,NO,YES,0.4910327196121216,0.5089672803878784,0.5089672803878784,0
400447,en,"@justice4JUST_us @PickleMamaa You don't know who invented womanism, huh?  Okay.  Risk skin cancer, I guess.  Best of luck to you!",1,1,YES,YES,0.405285614571404,0.594714385428596,0.594714385428596,1
400448,en,"“Our collective drive to improve this urgent humanitarian situation should optimise the demographic dividend of the continent. The youths and women are essential stakeholders for improving humanitarian situations, particularly through peace, security, and socioeconomic...@Barrow https://t.co/FzxRzGZCR4",0,0,NO,NO,0.9163685763964481,0.08363142360355187,0.9163685763964481,1
400449,en,"@CrossrdsCMG Yeah, women are getting just as bad. I've noticed it anyway, I'm sorry people are sending you stuff like that, it can be so gross!",0,1,NO,YES,0.1907588243484497,0.8092411756515503,0.8092411756515503,0
400450,en,Yo I swear  sagittarius men and women are the funniest 😭😭😭😭😂😂😂😂😂😂😭😭😭😭😭,0,1,NO,YES,0.4646514654159546,0.5353485345840454,0.5353485345840454,0
400451,en,"@joelaltonmoore @KMisGrand @TheMrBarramundi @ZipPulse A vasectomy is a simple surgery done in an office, hospital, or clinic. 24 hours later recovery is pretty much complete!Tubal ligation recovery takes 1-3 weeks, longer if it's done following a C-section or childbirth. Many women can't afford to take 1-3 weeks off work!",0,0,NO,NO,0.7014159382233582,0.2985840617766417,0.7014159382233582,1
400452,en,Male side alag hoti humari 🤡🤡And these women can't distract me https://t.co/Z3neHYX4Cc,1,1,YES,YES,0.2424587607383728,0.7575412392616272,0.7575412392616272,1
400453,en,"@itzbrennan I didn’t even know that was possible omg sorry you gotta go through that. Uterus cramps, butt cramps, and now heart cramps women can’t catch a break 🥲",1,1,YES,YES,0.4424522255389556,0.5575477744610444,0.5575477744610444,1
400454,en,"@scopesotoscope @Acosta If you haven’t noticed, congressmen and women don’t have to follow any rules.",0,1,NO,YES,0.47929081197326256,0.5207091880267375,0.5207091880267375,0
400455,en,"@DouthatNYT Men less likely to find a spouse, bc women don't have to rely on men for life's basics, less likely to father kids bc women only need sperm to get pregnant, &amp; not the man who provides it, less likely to participate in the workforce bc, what? they're too busy pouting?",1,1,YES,YES,0.22386510514408978,0.7761348948559103,0.7761348948559103,1
400456,en,@gambo_ii Women don’t have to work for their own money anymore?? Men have to momo them ?? Lmao .. monya nkwasia sika bia na moka ns3m fuu,1,1,YES,YES,0.2049073458449147,0.7950926541550853,0.7950926541550853,1
400457,en,@lykachu_ God the comments on this post are all so idiotic I hate Twitter i hate you all“I women don’t know how condoms work neither do you” you act like you’ve never bought the wrong sized pad or tampon“THEYRE TELLING US WHAT TO DO WITG OUR BODIES” no she doesn’t want a baby or STDs,1,1,YES,YES,0.2789508104324341,0.7210491895675659,0.7210491895675659,1
400458,en,"@blvck_Witch In my father’s words, “A woman will feed a man for a day the whole world will know but a man will feed a woman for years &amp; nobody will know” Many women don’t know how to stay humble when they’re on top.",1,1,YES,YES,0.24690485000610352,0.7530951499938965,0.7530951499938965,1
400459,en,"My handmaiden relatives, alums of @TCSchools, are posting claptrap on FB. These young women don't know how to drive, have never worked, are subservient to their ""headships,"" and endanger their children in homes filled with AR-15s. Because Jesus, y'all. https://t.co/s6dg413Jsc",1,1,YES,YES,0.34140294790267944,0.6585970520973206,0.6585970520973206,1
400460,en,"@Rotten_Ralph @bisofprey This poor vulnerable man who ""joked"" about burning his partner and r*ping her body to make sure she was dead? Who pays women for sex and calls them ""c*m-guzzlers"". Depp is DARVOing the fuck out of you.",1,1,YES,YES,0.1466806658106943,0.8533193341893057,0.8533193341893057,1
400461,en,Polishing shoes is good regardless to work for sex or to sell out women to others.Your earning may be selling out women for sex.Jism ferosh za zameer or gherat feroshi say.Afghans are our proud.The pure people.Shame on your statement. https://t.co/cFWv88UoME,1,1,YES,YES,0.34195923805236816,0.6580407619476318,0.6580407619476318,1
400462,en,@elonmusk Says the man who is always on his phone? Well in your case you can still proposition women for sex while outside .,1,1,YES,YES,0.2134121539207124,0.7865878460792877,0.7865878460792877,1
400463,en,"@RealKidPoker 2. Poker rooms. The other fallacy I think you have is in terms of your comparison to romance novels; while you may be correct that there may be a difference in interest, in your comparison there are no barriers for men to buy romance novels. Women have to brace themselves for",1,1,YES,YES,0.3983805775642395,0.6016194224357605,0.6016194224357605,1
400464,en,"When their leader abuse women at the their jalsas, they make excuses to justify him but remember women have to be respected when it's women from their party. Meanwhile abusing feminists online.",1,1,YES,YES,0.15680905387442054,0.8431909461255794,0.8431909461255794,1
400465,en,Why did the white women have to be “BOUGIE” because she didn’t want her child exposed the conversation…So are are we supposed to accept this as part of the “black culture” too⁉️#RHOA @iheartMarlo https://t.co/WRvYSesxuw,0,1,NO,YES,0.28701043128967285,0.7129895687103271,0.7129895687103271,0
400466,en,"why is “women shouldn’t have sex” a reasonable answer to save kids lives, but “citizens shouldn’t own deadly weapons” to save kids lives is a completely insane concept?",1,1,YES,YES,0.2721736648030977,0.7278263351969023,0.7278263351969023,1
400467,en,@pelecius @iammrstiles @ZykieMan @jihadwatchRS didn't abuse him saying it to his face.Proofs to prove this is a false writing_ The prophet detest hurting of women generally to the extent he warned his companions that women shouldn't be hurt during wars talkless of being killed.-The prophet is against killing of any unless,1,1,YES,YES,0.25018425286914425,0.7498157471308557,0.7498157471308557,1
400468,en,"women shouldn’t have to share their trauma stories for you to feel empathy for the way they’re feeling today. stand with them, we deserve a choice. juntas si podemos ❤️",0,1,NO,YES,0.4729834794998169,0.5270165205001831,0.5270165205001831,0
400469,en,they want women to be mothers so bad but can’t even provide for them???? make it make sense,1,1,YES,YES,0.1618608832359314,0.8381391167640686,0.8381391167640686,1
400470,en,@JaniceMcGeachin What happened to medical freedom? Does it not apply to women? Abortion is healthcare and forced birth is oppression.,0,1,NO,YES,0.38223832408443176,0.6177616759155682,0.6177616759155682,0
400471,en,‘Little Women: Atlanta’ Star Ms. Juicy Reveals Health Struggle After Having A Stroke! https://t.co/lRAkugid4s,0,0,NO,NO,0.7311168370649371,0.2688831629350629,0.7311168370649371,1
400472,en,"Publication Alert 🚨 in @FeministPress WSQ https://t.co/rr0eWFJm60Caring is Love❤️Couple of years back, my work with @FRIDAfund caught me up with caring in young feminist movements with threats of backlash, burnout and violence. Speaking with @womyn_witch @Lady_karimah (1/2) https://t.co/HVNA9kFA0o",0,0,NO,NO,0.5872707016902744,0.4127292983097256,0.5872707016902744,1
400473,en,@KimFawcett11 @FrenchFem @Wild_Womyn WOW! Trouble Making Witches Unite!,0,0,NO,NO,0.7771914121090087,0.2228085878909914,0.7771914121090087,1
400474,en,"#cryptosterone 👈All-new!Twice as many #men invest in #Crypto, which means #womyn are twice as smart!_______https://t.co/FSM17IFPJe @theskimm @TheDailyShow @jordanklepper https://t.co/D99fOqbq70",0,0,NO,NO,0.7096379995346069,0.29036200046539307,0.7096379995346069,1
400475,en,"@rachelnabors Wanna know a fun way to make a nut like that angry?Step in between him and the women when they go to leave, then point to your airpods and say ""I can't hear you bro, my headphones are in"" when he starts to yell at you instead.",1,1,YES,YES,0.31803880089637043,0.6819611991036295,0.6819611991036295,1
400476,en,"@ScubaMySteve If you ask Cenk as a hypothetical if that kind of thinking was used to justify atrocities he would yell ""OF COOOOOURSE"" with 0 self reflection",0,0,NO,NO,0.8678740054908696,0.13212599450913048,0.8678740054908696,1
400477,en,"@snowflowergomi @minseulsoo @chimsmaze How will they be dragged by actions. I showed you where I am standing, I told you what I am wearing? I'm not going to yell or shout just holding a sign How will that bring hate upon the guys?",0,0,NO,NO,0.604064738992735,0.3959352610072649,0.604064738992735,1
400478,en,“you look like a bitch.”well i am now move kz i don’t like you 🤚🏼,1,1,YES,YES,0.19369997996985971,0.8063000200301402,0.8063000200301402,1
400479,en,"“The heels make you look like a puta, &amp; the boots make you look like a bitch” which look are we going for besties",1,1,YES,YES,0.13307906488956414,0.8669209351104359,0.8669209351104359,1
400480,en,"i hate liars😂. specifically those who lie bc they think they get cool points from that shit, like no you look like a bitch.",1,1,YES,YES,0.23341958323600392,0.7665804167639961,0.7665804167639961,1
400481,en,"Uh, they're allowed to? calling this out makes you look like a cunt. Fortunately, I'll block you so fast you wont get your screenshot. https://t.co/iyWul5BoN6",0,1,NO,YES,0.24711672978897514,0.7528832702110249,0.7528832702110249,0
400482,en,"This genration are no more then selfish cunts. More matter how genuine you are, you do all the right things and  they still make you look like a cunt. It’s only getting worse too, and people ask me why I don’t bother with anyone",1,1,YES,YES,0.3325030405821228,0.6674969594178771,0.6674969594178771,1
400483,en,"@JetCelestial @polgara28951124 @CharlotteEmmaUK I don't know what you're on about? My point was that you shouldn't mock other people's looks, because it's very shallow and makes you look like a cunt. Thanks for your input though 👍",0,1,NO,YES,0.36592994230776854,0.6340700576922315,0.6340700576922315,0
400484,en,@TheRealLyna Bitch your boyfriend Anthony flimss or mojassim80 will paint you and oh wait they ready plant u a baby inside you . You look like a prostitute in your picture .that guy was right bout you be a hoe on here,1,1,YES,YES,0.15182001303553658,0.8481799869644634,0.8481799869644634,1
400485,en,"@YesReallyAngel “Don’t wear a black bra with a white vest, you look like a prostitute.”",1,1,YES,YES,0.1332465489653676,0.8667534510346324,0.8667534510346324,1
400486,en,""" get changed , you look like a prostitute . ""She smirked and walked off to her room , hips swinging side to side as Ahri just sat there near the couch, on the floor . https://t.co/hWowZcLPH8",1,1,YES,YES,0.17415558253791436,0.8258444174620856,0.8258444174620856,1
400487,en,made this top and my mom gave me the “you look like a whore” expression 😂 anyways here’s this shirt i braided myself https://t.co/0j2mMv47wl,1,1,YES,YES,0.1682793846213634,0.8317206153786366,0.8317206153786366,1
400488,en,"@DawnAnd91320913 I haven't seen anything that makes you look like a whore necessarily,  But when females constantly post selfies constantly it's obvious they are self absorbed and obsessed.   I don't really understand why anyone thinks anyone other than thirsty creeps want to see 1000 selfies",1,1,YES,YES,0.17805800372535002,0.82194199627465,0.82194199627465,1
400489,en,@ElDukemane You look like a whore in ur new picture. Love to see it.,1,1,YES,YES,0.16031679033288984,0.8396832096671102,0.8396832096671102,1
